date;category;type;description;_category;_subcategory;amount
2025-10-01;CASH;CARD_TRANSACTION;TOTAL 4379751;CHARGES_VARIABLES;CARBURANT;-29.210000
2025-10-02;CASH;CARD_TRANSACTION;E0022API EDS ONE;ALIMENTATION;RESTAURANTS;-3.860000
2025-10-02;CASH;CARD_TRANSACTION;NYX*LILLEAUTOMATIQUEDIST;ACHATS;CAFE;-0.200000
2025-10-02;CASH;CARD_TRANSACTION;NYX*LILLEAUTOMATIQUEDIST;ACHATS;CAFE;-0.300000
2025-10-02;CASH;CARD_TRANSACTION;PASS;CHARGES_VARIABLES;TRANSPORTS_COMMUN;-22.500000
2025-10-02;TRADING;BUY;Savings plan execution LU1681048804 Amundi Index Solutions - Amundi S&P 500 Swap UCITS ETF EUR Acc, quantity: 0.101723;EPARGNE;INVESTISSEMENTS;-11.54
2025-10-02;TRADING;BUY;Savings plan execution LU1681048804 Amundi Index Solutions - Amundi S&P 500 Swap UCITS ETF EUR Acc, quantity: 0.440742;EPARGNE;INVESTISSEMENTS;-50.00
2025-10-02;CASH;BENEFITS_SAVEBACK;Your Saveback payment;DIVERS;AJUSTEMENTS_ERREURS;11.540000
2025-10-04;CASH;CARD_TRANSACTION;GD FRAIS SENTI;ALIMENTATION;COURSES;-16.480000
2025-10-04;CASH;CARD_TRANSACTION;LE VALENCY;ACHATS;TABAC;-11.200000
2025-10-06;CASH;CARD_TRANSACTION;MAISON RINC;ACHATS;CADEAUX;-370.000000
2025-10-06;CASH;CARD_TRANSACTION;VAL VIANDES;ALIMENTATION;BOUCHERIE;-26.070000
2025-10-07;CASH;CARD_TRANSACTION;AMAZON EU SARL 2090401;ACHATS;DIVERS;-17.500000
2025-10-07;CASH;CUSTOMER_INBOUND;PERMANENT TRADE REPUBLIC;DIVERS;AJUSTEMENTS_ERREURS;1350.000000
2025-10-08;CASH;CARD_TRANSACTION;APPLE.COM/BILL;CHARGES_FIXES;ABONNEMENTS_FIXES;-22.990000
2025-10-08;CASH;CARD_TRANSACTION;NYX*LILLEAUTOMATIQUEDIST;ACHATS;CAFE;-5.000000
2025-10-08;CASH;CARD_TRANSACTION;TOTAL 4379751;CHARGES_VARIABLES;CARBURANT;-23.110000
2025-10-10;CASH;CARD_TRANSACTION;DCTR MARGUERITT;SANTE;MEDECIN;-35.000000
2025-10-11;CASH;CARD_TRANSACTION;CHEZ MON VIEUX;ALIMENTATION;RESTAURANTS;-164.700000
2025-10-11;CASH;CARD_TRANSACTION;EL GANA;ALIMENTATION;RESTAURANTS;-4.900000
2025-10-14;CASH;CARD_TRANSACTION;Association Ruban Rose;DIVERS;DONS;-1.000000
2025-10-14;CASH;CARD_TRANSACTION;COURIR VALENCIENNES;ACHATS;VETEMENTS;-32.000000
2025-10-14;CASH;CARD_TRANSACTION;GRAND FRAIS AULNOY;ALIMENTATION;COURSES;-47.200000
2025-10-14;CASH;CARD_TRANSACTION;MARIE BLACHERE;ALIMENTATION;COURSES;-5.500000
2025-10-14;CASH;CARD_TRANSACTION;PASS;CHARGES_VARIABLES;TRANSPORTS_COMMUN;-54.000000
2025-10-14;CASH;CARD_TRANSACTION;VAL VIANDES;ALIMENTATION;BOUCHERIE;-14.880000
2025-10-15;CASH;CARD_TRANSACTION;APPLE.COM/BILL;CHARGES_FIXES;ABONNEMENTS_FIXES;-2.990000
2025-10-15;CASH;CARD_TRANSACTION;TOTAL 4379751;CHARGES_VARIABLES;CARBURANT;-21.720000
2025-10-19;CASH;CARD_TRANSACTION;AMAZON PAYMENTS 2441535;ACHATS;DIVERS;-192.890000
2025-10-19;CASH;CARD_TRANSACTION;AMAZON PRIME FR 2469664;CHARGES_FIXES;ABONNEMENTS_FIXES;-6.990000
2025-10-19;CASH;CARD_TRANSACTION;LE JUBILE 4357453;ALIMENTATION;RESTAURANTS;-3.100000
2025-10-19;CASH;CARD_TRANSACTION;LE LONGCHAMP;ACHATS;TABAC;-3.100000
2025-10-19;CASH;CARD_TRANSACTION;MYTHOS;ALIMENTATION;RESTAURANTS;-25.000000
2025-10-20;CASH;CARD_TRANSACTION;AMZN Mktp FR*4G6OL1LS5;ACHATS;DIVERS;-5.690000
2025-10-21;CASH;CARD_TRANSACTION;GRAND FRAIS AULNOY;ALIMENTATION;COURSES;-39.910000
2025-10-21;CASH;CARD_TRANSACTION;MARIE BLACHERE;ALIMENTATION;COURSES;-3.700000
2025-10-21;CASH;CARD_TRANSACTION;PHAR BOURGMAYER 4194069;SANTE;PHARMACIE;-95.010000
2025-10-21;CASH;CARD_TRANSACTION;PHARMACIE VALS 2151306;SANTE;AUTRE_MEDECINE;-6.490000
2025-10-21;CASH;CARD_TRANSACTION;VAL VIANDES;ALIMENTATION;BOUCHERIE;-24.590000
2025-10-22;CASH;CARD_TRANSACTION;AMZN Mktp FR*9Y2JK3YW5;ACHATS;DIVERS;-16.900000
2025-10-22;CASH;CARD_TRANSACTION;LEROY MERLIN 4986085;MAISON;BRICOLAGE;-13.000000
2025-10-22;CASH;CARD_TRANSACTION;NESPRESSO FRANCE S.A.S.;ACHATS;CAFE;-29.000000
2025-10-23;CASH;CARD_TRANSACTION;NYX*LILLEAUTOMATIQUEDIST;ACHATS;CAFE;-5.000000
2025-10-25;CASH;CARD_TRANSACTION;EURL A MOREAU;ALIMENTATION;BOULANGERIE;-1.100000
2025-10-26;CASH;CARD_TRANSACTION;CHOOSE;ACHATS;DIVERS;-49.000000
2025-10-26;CASH;CARD_TRANSACTION;LE CYRANO 4266161;ACHATS;TABAC;-6.200000
2025-10-27;CASH;CARD_TRANSACTION;O TERA;ALIMENTATION;COURSES;-44.570000
2025-10-27;CASH;CARD_TRANSACTION;TCE 4332548;LOISIRS;SPORT;-7.800000
2025-10-27;CASH;CARD_TRANSACTION;TCE 4332548;LOISIRS;SPORT;-310.000000
2025-10-28;CASH;CARD_TRANSACTION;RIGOLETTO;ALIMENTATION;RESTAURANTS;-34.000000
2025-10-28;CASH;CARD_TRANSACTION;VAL VIANDES;ALIMENTATION;BOUCHERIE;-27.250000
2025-10-29;CASH;CARD_TRANSACTION;Amazon.fr*YT81A4MD5;ACHATS;DIVERS;-17.990000
2025-10-29;CASH;CARD_TRANSACTION;E0022API EDS ONE;ALIMENTATION;RESTAURANTS;-2.940000
2025-10-29;CASH;CARD_TRANSACTION;PASS;CHARGES_VARIABLES;TRANSPORTS_COMMUN;-26.500000
2025-10-29;CASH;CARD_TRANSACTION;PASS;CHARGES_VARIABLES;TRANSPORTS_COMMUN;-6.000000
2025-10-29;CASH;CARD_TRANSACTION;SAS BONDUWE;ACHATS;DIVERS;-8.500000
2025-10-29;CASH;CARD_TRANSACTION;TOTAL 4379751;CHARGES_VARIABLES;CARBURANT;-30.190000
2025-10-30;CASH;CARD_TRANSACTION;Amazon.fr*DJ14X4L35;ACHATS;DIVERS;-31.380000
2025-10-30;CASH;CARD_TRANSACTION;CIVETTE DE LA TOUR;ACHATS;TABAC;-12.400000
2025-10-30;CASH;CARD_TRANSACTION;NYX*LILLEAUTOMATIQUEDIST;ACHATS;CAFE;-0.300000
2025-10-30;CASH;CARD_TRANSACTION;NYX*LILLEAUTOMATIQUEDIST;ACHATS;CAFE;-0.200000
2025-10-30;CASH;CARD_TRANSACTION;NYX*LILLEAUTOMATIQUEDIST;ACHATS;CAFE;-0.300000
2025-10-30;CASH;CARD_TRANSACTION;NYX*LILLEAUTOMATIQUEDIST;ACHATS;CAFE;-0.300000
2025-10-30;CASH;CARD_TRANSACTION;NYX*LILLEAUTOMATIQUEDIST;ACHATS;CAFE;-0.300000
2025-10-30;CASH;CARD_TRANSACTION;NYX*LILLEAUTOMATIQUEDIST;ACHATS;CAFE;-0.300000
2025-10-30;CASH;CARD_TRANSACTION;ZENPARKMailleri 4030783;CHARGES_VARIABLES;STATIONNEMENT_PEAGES;-3.500000
2025-11-01;CASH;CARD_TRANSACTION;GD FRAIS SENTI;ALIMENTATION;COURSES;-11.280000
2025-11-01;CASH;INTEREST_PAYMENT;Interest payment for payout collection 019a3d23-e937-78a1-b958-08c708ced42a;BANQUE;INTERETS;1.810000
2025-11-01;CASH;CARD_TRANSACTION;MARIE BLACHERE;ALIMENTATION;COURSES;-3.800000
2025-11-01;CASH;CARD_TRANSACTION;O TERA;ALIMENTATION;COURSES;-73.980000
2025-11-02;CASH;CARD_TRANSACTION;LEROY MERLIN 4986085;MAISON;BRICOLAGE;-52.000000
2025-11-03;CASH;CUSTOMER_INBOUND;PERMANENT TRADE REPUBLIC;DIVERS;AJUSTEMENTS_ERREURS;1350.000000
2025-11-03;TRADING;BUY;Savings plan execution LU1681048804 Amundi Index Solutions - Amundi S&P 500 Swap UCITS ETF EUR Acc, quantity: 0.127361;EPARGNE;INVESTISSEMENTS;-15.00
2025-11-03;TRADING;BUY;Savings plan execution LU1681048804 Amundi Index Solutions - Amundi S&P 500 Swap UCITS ETF EUR Acc, quantity: 0.424700;EPARGNE;INVESTISSEMENTS;-50.00
2025-11-03;CASH;BENEFITS_SAVEBACK;Your Saveback payment;DIVERS;AJUSTEMENTS_ERREURS;15.000000
2025-11-05;CASH;CARD_TRANSACTION;CONTIN BOM DIA LISBO;ALIMENTATION;COURSES;-15.940000
2025-11-05;CASH;CARD_TRANSACTION;GARFO - FOOD & BEVERAGE.;ALIMENTATION;RESTAURANTS;-129.800000
2025-11-05;CASH;CARD_TRANSACTION;RELAY TRIBS 4116230;ACHATS;DIVERS;-6.400000
2025-11-05;CASH;CARD_TRANSACTION;RELAY TRIBS 4116230;ACHATS;DIVERS;-2.400000
2025-11-06;CASH;CARD_TRANSACTION;MCDONALDS CHIADO;ALIMENTATION;RESTAURANTS;-2.600000
2025-11-06;CASH;CARD_TRANSACTION;RESTAURANTE FERNANDO;ALIMENTATION;RESTAURANTS;-10.750000
2025-11-06;CASH;CARD_TRANSACTION;TERRACO EDITORIAL;ACHATS;DIVERS;-65.100000
2025-11-07;CASH;CARD_TRANSACTION;Metropolitano de Lisboa;CHARGES_VARIABLES;TRANSPORTS_COMMUN;-1.850000
2025-11-07;CASH;CARD_TRANSACTION;SINTRA LRO TVM;CHARGES_VARIABLES;TRANSPORTS_COMMUN;-10.800000
2025-11-07;CASH;CARD_TRANSACTION;SINTRA TERRACE;ALIMENTATION;RESTAURANTS;-59.400000
2025-11-08;CASH;CARD_TRANSACTION;CONTINENTE BOM DIA;ACHATS;DIVERS;-2.870000
2025-11-08;CASH;CARD_TRANSACTION;MIGUEL CASTRO-SILVA;ACHATS;DIVERS;-6.800000
2025-11-08;CASH;CARD_TRANSACTION;SHIFU RAMEN REST;ALIMENTATION;RESTAURANTS;-39.030000
2025-11-09;CASH;CARD_TRANSACTION;APPLE.COM/BILL;CHARGES_FIXES;ABONNEMENTS_FIXES;-22.990000
2025-11-09;CASH;CARD_TRANSACTION;BEER EXPERIENCE;ACHATS;DIVERS;-7.400000
2025-11-09;CASH;CARD_TRANSACTION;BEER EXPERIENCE;ACHATS;DIVERS;-7.200000
2025-11-09;CASH;CARD_TRANSACTION;GELATOMANIA NAZARE;ALIMENTATION;RESTAURANTS;-8.800000
2025-11-09;CASH;CARD_TRANSACTION;MA DUQUE LOULE;ACHATS;DIVERS;-12.970000
2025-11-09;CASH;CARD_TRANSACTION;Metropolitano de Lisboa;CHARGES_VARIABLES;TRANSPORTS_COMMUN;-3.700000
2025-11-09;CASH;CARD_TRANSACTION;Metropolitano de Lisboa;CHARGES_VARIABLES;TRANSPORTS_COMMUN;-1.850000
2025-11-09;CASH;CARD_TRANSACTION;PASTEIS DE BELEM;ALIMENTATION;COURSES;-7.400000
2025-11-09;CASH;CARD_TRANSACTION;TIME OUT SHOP;LOISIRS;VACANCES_WEEKENDS;-6.800000
2025-11-10;CASH;CARD_TRANSACTION;LISBON DUTY FREE T2;LOISIRS;VACANCES_WEEKENDS;-7.000000
2025-11-10;CASH;CARD_TRANSACTION;MCDONALDS AEROPORTO;ALIMENTATION;RESTAURANTS;-3.500000
2025-11-11;CASH;CARD_TRANSACTION;ALIM CARREFOUR MARKE;ALIMENTATION;COURSES;-24.500000
2025-11-11;CASH;CARD_TRANSACTION;CARRIS - RUA 1 MAIO,-00;ACHATS;DIVERS;-2.200000
2025-11-11;CASH;CARD_TRANSACTION;VAL VIANDES;ALIMENTATION;BOUCHERIE;-25.890000
2025-11-12;CASH;CARD_TRANSACTION;TOTAL 4380175;CHARGES_VARIABLES;CARBURANT;-27.320000
2025-11-13;CASH;CARD_TRANSACTION;E0022API EDS ONE;ALIMENTATION;RESTAURANTS;-8.120000
2025-11-13;CASH;CARD_TRANSACTION;E0022API EDS ONE;ALIMENTATION;RESTAURANTS;-2.590000
2025-11-13;CASH;CARD_TRANSACTION;FERME DU SART;ALIMENTATION;COURSES;-18.830000
2025-11-13;CASH;CARD_TRANSACTION;MGP*Le Pot Commun;ACHATS;CADEAUX;-10.000000
2025-11-13;CASH;CARD_TRANSACTION;MGP*Le Pot Commun;ACHATS;CADEAUX;-20.000000
2025-11-14;CASH;CARD_TRANSACTION;E0022API EDS ONE;ALIMENTATION;RESTAURANTS;-7.210000
2025-11-14;CASH;CARD_TRANSACTION;NESPRESSO FRANCE S.A.S.;ACHATS;CAFE;-23.500000
2025-11-14;CASH;CARD_TRANSACTION;NYX*LILLEAUTOMATIQUEDIST;ACHATS;CAFE;-0.300000
2025-11-14;CASH;CARD_TRANSACTION;NYX*LILLEAUTOMATIQUEDIST;ACHATS;CAFE;-0.300000
2025-11-14;CASH;CARD_TRANSACTION;TOTAL 4379751;CHARGES_VARIABLES;CARBURANT;-27.600000
2025-11-15;CASH;CARD_TRANSACTION;AMAZON PAYMENTS 2441535;ACHATS;DIVERS;-42.540000
2025-11-15;CASH;CARD_TRANSACTION;APPLE.COM/BILL;CHARGES_FIXES;ABONNEMENTS_FIXES;-2.990000
2025-11-16;CASH;CARD_TRANSACTION;SumUp *SBCONCEPT;ACHATS;SOIN DE LA PERSONNE;-35.000000
2025-11-18;CASH;CARD_TRANSACTION;LE VALENCY;ACHATS;TABAC;-11.200000
2025-11-18;CASH;CARD_TRANSACTION;VAL VIANDES;ALIMENTATION;BOUCHERIE;-16.400000
2025-11-19;CASH;CARD_TRANSACTION;AMAZON PRIME FR 2469664;CHARGES_FIXES;ABONNEMENTS_FIXES;-6.990000
2025-11-19;CASH;CARD_TRANSACTION;BAR BILTOKI HALLES D;ALIMENTATION;RESTAURANTS;-8.000000
2025-11-19;CASH;CARD_TRANSACTION;BAR BILTOKI HALLES D;ALIMENTATION;RESTAURANTS;-4.500000
2025-11-19;CASH;CARD_TRANSACTION;BAR BILTOKI HALLES D;ALIMENTATION;RESTAURANTS;-8.000000
2025-11-19;CASH;CARD_TRANSACTION;NYX*LILLEAUTOMATIQUEDIST;ACHATS;CAFE;-0.300000
2025-11-19;CASH;CARD_TRANSACTION;VINI LILLE;ALIMENTATION;RESTAURANTS;-8.000000
2025-11-20;CASH;CARD_TRANSACTION;NYX*LILLEAUTOMATIQUEDIST;ACHATS;CAFE;-0.300000
2025-11-20;CASH;CARD_TRANSACTION;ZENPARKMailleri 4030783;CHARGES_VARIABLES;STATIONNEMENT_PEAGES;-6.200000
2025-11-21;CASH;CARD_TRANSACTION;AMAZON EU SARL 2090401;ACHATS;DIVERS;-5.260000
2025-11-21;CASH;VIBAN_TRANSFER_INBOUND;Incoming transfer from M PAUL DENHEZ;DIVERS;AJUSTEMENTS_ERREURS;1150.000000
2025-11-22;CASH;CARD_TRANSACTION;NESPRESSO FRANCE S.A.S.;ACHATS;CAFE;-29.000000
2025-11-22;CASH;CARD_TRANSACTION;O TERA;ALIMENTATION;COURSES;-57.580000
2025-11-22;CASH;CARD_TRANSACTION;SP WILDDE;ACHATS;SOIN DE LA PERSONNE;-33.070000
2025-11-22;CASH;CARD_TRANSACTION;TOTAL 4380175;CHARGES_VARIABLES;CARBURANT;-25.100000
2025-11-23;CASH;CARD_TRANSACTION;PADEL FOOTBALL C;LOISIRS;SPORT;-7.000000
2025-11-23;CASH;CARD_TRANSACTION;PADEL FOOTBALL CLUB;LOISIRS;SPORT;-54.000000
2025-11-23;CASH;CARD_TRANSACTION;PHAR BOURGMAYER 4194069;SANTE;PHARMACIE;-37.900000
2025-11-25;CASH;CARD_TRANSACTION;NYX*LILLEAUTOMATIQUEDIST;ACHATS;CAFE;-5.000000
2025-11-25;CASH;CARD_TRANSACTION;SnP*SPEED PIZZA;ALIMENTATION;RESTAURANTS;-27.500000
2025-11-25;CASH;CARD_TRANSACTION;TOTAL 4379751;CHARGES_VARIABLES;CARBURANT;-26.570000
2025-11-26;CASH;CARD_TRANSACTION;NYX*LILLEAUTOMATIQUEDIST;ACHATS;CAFE;-0.300000
2025-11-27;CASH;CARD_TRANSACTION;AMZN Mktp FR*ZR4JT3C04;ACHATS;DIVERS;-52.210000
2025-11-27;CASH;CARD_TRANSACTION;EURL A MOREAU;ALIMENTATION;BOULANGERIE;-3.400000
2025-11-27;CASH;CARD_TRANSACTION;VAL VIANDES;ALIMENTATION;BOUCHERIE;-20.500000
2025-11-28;CASH;CARD_TRANSACTION;LE VALENCY;ACHATS;TABAC;-11.200000
2025-11-28;CASH;CARD_TRANSACTION;O TERA;ALIMENTATION;COURSES;-53.500000
2025-11-29;CASH;CARD_TRANSACTION;Amazon.fr*ZR6V32DZ4;ACHATS;DIVERS;-5.430000
2025-11-29;CASH;CARD_TRANSACTION;O TERA;ALIMENTATION;COURSES;-24.760000
2025-11-30;CASH;CARD_TRANSACTION;MYTHOS;ALIMENTATION;RESTAURANTS;-51.000000
2025-12-01;CASH;CARD_TRANSACTION;EURL A MOREAU;DIVERS;AJUSTEMENTS_ERREURS;-5.500000
2025-12-01;CASH;BENEFITS_SAVEBACK;Fixed income bonus 5c6f6191-3cc1-42de-8580-2fbcce60cd38 for buy order: 5d5edd80-6786-4fe6-8679-9ac95cddfea1;ALIMENTATION;BOULANGERIE;15.000000
2025-12-01;CASH;INTEREST_PAYMENT;Interest payment for payout collection 019ad7a8-aa72-7c9b-98b8-b788f23d6cdb;BANQUE;INTERETS;1.790000
2025-12-02;CASH;CARD_TRANSACTION;Amazon.fr*ZX8OV7EJ4;ACHATS;DIVERS;-139.990000
2025-12-02;CASH;CARD_TRANSACTION;PASS;CHARGES_VARIABLES;TRANSPORTS_COMMUN;-54.000000
2025-12-02;CASH;CARD_TRANSACTION;RIGOLETTO;ALIMENTATION;RESTAURANTS;-42.000000
2025-12-02;TRADING;BUY;Savings plan execution LU1681048804 Amundi Index Solutions - Amundi S&P 500 Swap UCITS ETF EUR Acc, quantity: 0.128430;EPARGNE;INVESTISSEMENTS;-15.00
2025-12-02;TRADING;BUY;Savings plan execution LU1681048804 Amundi Index Solutions - Amundi S&P 500 Swap UCITS ETF EUR Acc, quantity: 0.428100;EPARGNE;INVESTISSEMENTS;-50.00
2025-12-02;CASH;CARD_TRANSACTION;TCE 4332548;LOISIRS;SPORT;-24.950000
2025-12-02;CASH;CARD_TRANSACTION;VAL VIANDES;ALIMENTATION;BOUCHERIE;-29.530000
2025-12-03;CASH;CARD_TRANSACTION;Amazon.fr*ZX66Q07B4;ACHATS;DIVERS;-5.290000
2025-12-03;CASH;CARD_TRANSACTION;Amazon.fr*ZX9NA3KU4;ACHATS;DIVERS;-11.250000
2025-12-03;CASH;VIBAN_TRANSFER_INBOUND;Incoming transfer from M PAUL DENHEZ;DIVERS;AJUSTEMENTS_ERREURS;1350.000000
2025-12-03;CASH;CARD_TRANSACTION;OXYBUL;ACHATS;CADEAUX;-30.890000
2025-12-04;CASH;CARD_TRANSACTION;E0022API EDS ONE;ALIMENTATION;RESTAURANTS;-2.540000
2025-12-04;CASH;CARD_TRANSACTION;E0022API EDS ONE;ALIMENTATION;RESTAURANTS;-3.960000
2025-12-06;CASH;CARD_TRANSACTION;4PADEL Valenciennes;LOISIRS;SPORT;-54.000000
2025-12-06;CASH;CARD_TRANSACTION;GD FRAIS SENTI;ALIMENTATION;COURSES;-103.390000
2025-12-06;CASH;CARD_TRANSACTION;INTERMARCHE;ALIMENTATION;COURSES;-12.470000
2025-12-06;CASH;CARD_TRANSACTION;MARIE BLACHERE;ALIMENTATION;COURSES;-5.700000
2025-12-06;CASH;CARD_TRANSACTION;O TERA;ALIMENTATION;COURSES;-38.630000
2025-12-06;CASH;CARD_TRANSACTION;SNC LE BIENVENU 4069410;ACHATS;TABAC;-7.700000
2025-12-06;CASH;CARD_TRANSACTION;SPEED PIZZA;ALIMENTATION;RESTAURANTS;-36.500000
2025-12-06;CASH;CARD_TRANSACTION;VPC;ACHATS;CAFE;-320.000000
2025-12-07;CASH;CARD_TRANSACTION;FERME DU PONT DES;ALIMENTATION;COURSES;-53.230000
2025-12-07;CASH;CARD_TRANSACTION;VINS GOURMANDS;ACHATS;VIN;-333.000000
2025-12-08;CASH;CARD_TRANSACTION;APPLE.COM/BILL;CHARGES_FIXES;ABONNEMENTS_FIXES;-22.990000
2025-12-09;CASH;CARD_TRANSACTION;GD FRAIS SENTI;ALIMENTATION;COURSES;-56.630000
2025-12-09;CASH;CARD_TRANSACTION;PASS;CHARGES_VARIABLES;TRANSPORTS_COMMUN;-54.000000
2025-12-09;CASH;CARD_TRANSACTION;VAL VIANDES;ALIMENTATION;BOUCHERIE;-24.880000
2025-12-10;CASH;CARD_TRANSACTION;BAR BILTOKI HALLES D;ALIMENTATION;RESTAURANTS;-29.800000
2025-12-10;CASH;CARD_TRANSACTION;CIVETTE DE LA TOUR;ACHATS;TABAC;-14.900000
2025-12-10;CASH;CARD_TRANSACTION;M'MA TURINETTI;ALIMENTATION;RESTAURANTS;-25.900000
2025-12-10;CASH;CARD_TRANSACTION;ZENPARKMailleri 4030783;CHARGES_VARIABLES;STATIONNEMENT_PEAGES;-3.100000
2025-12-11;CASH;CARD_TRANSACTION;NYX*LILLEAUTOMATIQUEDIST;ACHATS;CAFE;-0.300000
2025-12-11;CASH;CARD_TRANSACTION;NYX*LILLEAUTOMATIQUEDIST;ACHATS;CAFE;-0.300000
2025-12-12;CASH;CARD_TRANSACTION;CAFES REMY;ACHATS;CAFE;-16.250000
2025-12-12;CASH;CARD_TRANSACTION;DCTR MARGUERITT;SANTE;MEDECIN;-35.000000
2025-12-12;CASH;CARD_TRANSACTION;NYX*LILLEAUTOMATIQUEDIST;ACHATS;CAFE;-0.300000
2025-12-13;CASH;CARD_TRANSACTION;AMZN Mktp FR*ZE3CQ8CH4;ACHATS;DIVERS;-12.470000
2025-12-13;CASH;CARD_TRANSACTION;O TERA;ALIMENTATION;COURSES;-15.850000
2025-12-13;CASH;CARD_TRANSACTION;SUR LE POUCE;ALIMENTATION;RESTAURANTS;-25.700000
2025-12-13;CASH;CARD_TRANSACTION;TCE 4332548;LOISIRS;SPORT;-15.500000
2025-12-13;CASH;CARD_TRANSACTION;TCE 4332548;LOISIRS;SPORT;-33.900000
2025-12-14;CASH;CARD_TRANSACTION;Amazon.fr*ZE7QQ0T84;ACHATS;DIVERS;-22.620000
2025-12-14;CASH;CARD_TRANSACTION;EURL A MOREAU;ALIMENTATION;BOULANGERIE;-2.400000
2025-12-14;CASH;CARD_TRANSACTION;LS LA COUR DE LA CHTI;ALIMENTATION;RESTAURANTS;-28.000000
2025-12-14;CASH;CARD_TRANSACTION;SumUp *SBCONCEPT;ACHATS;SOIN DE LA PERSONNE;-20.000000
2025-12-15;CASH;CARD_TRANSACTION;APPLE.COM/BILL;CHARGES_FIXES;ABONNEMENTS_FIXES;-2.990000
2025-12-16;CASH;CARD_TRANSACTION;VAL VIANDES;ALIMENTATION;BOUCHERIE;-26.200000
2025-12-17;CASH;CARD_TRANSACTION;BAR BILTOKI HALLES D;ALIMENTATION;RESTAURANTS;-4.500000
2025-12-17;CASH;CARD_TRANSACTION;BAR BILTOKI HALLES D;ALIMENTATION;RESTAURANTS;-8.000000
2025-12-17;CASH;CARD_TRANSACTION;BAR BILTOKI HALLES D;ALIMENTATION;RESTAURANTS;-8.000000
2025-12-17;CASH;CARD_TRANSACTION;CIVETTE DE LA TOUR;ACHATS;TABAC;-12.400000
2025-12-17;CASH;CARD_TRANSACTION;E0022API EDS ONE;ALIMENTATION;RESTAURANTS;-2.640000
2025-12-17;CASH;CARD_TRANSACTION;NYX*LILLEAUTOMATIQUEDIST;ACHATS;CAFE;-5.000000
2025-12-17;CASH;CARD_TRANSACTION;TOTAL 4379751;CHARGES_VARIABLES;CARBURANT;-28.780000
2025-12-18;CASH;CARD_TRANSACTION;ZENPARKMailleri 4030783;CHARGES_VARIABLES;STATIONNEMENT_PEAGES;-3.900000
2025-12-19;CASH;CARD_TRANSACTION;AMAZON PRIME FR 2469664;CHARGES_FIXES;ABONNEMENTS_FIXES;-6.990000
2025-12-19;CASH;CARD_TRANSACTION;Zettle_*Sahil;ALIMENTATION;RESTAURANTS;-69.700000
2025-12-20;CASH;CARD_TRANSACTION;WEB TENNIS SC;LOISIRS;SPORT;-115.000000
2025-12-21;CASH;CARD_TRANSACTION;ELECTRO DEPOT FRANCE;MAISON;EQUIPEMENT_ELECTROMENAGER;-219.970000
2025-12-21;CASH;CARD_TRANSACTION;EURL A MOREAU;ALIMENTATION;BOULANGERIE;-5.450000
2025-12-21;CASH;CARD_TRANSACTION;LEROY MERLIN 4986085;MAISON;BRICOLAGE;-58.000000
2025-12-21;CASH;CARD_TRANSACTION;MARIE BLACHERE;ALIMENTATION;COURSES;-1.100000
2025-12-23;CASH;TRANSFER_INSTANT_INBOUND;Incoming transfer from Paul Denhez (FR802043302626N269793476611);DIVERS;AJUSTEMENTS_ERREURS;400.000000
2025-12-23;CASH;CARD_TRANSACTION;PICARD SA 335 4998985;ALIMENTATION;COURSES;-15.640000
2025-12-23;CASH;CARD_TRANSACTION;TCE 4332548;LOISIRS;SPORT;-7.900000
2025-12-23;CASH;CARD_TRANSACTION;VAL VIANDES;ALIMENTATION;BOUCHERIE;-24.190000
2025-12-24;CASH;CARD_TRANSACTION;BIE DE LA HALLE;ALIMENTATION;BOUCHERIE;-26.620000
2025-12-24;CASH;CARD_TRANSACTION;TOTAL 4379751;CHARGES_VARIABLES;CARBURANT;-22.930000
2025-12-25;CASH;CARD_TRANSACTION;PICARD SA 335 4998985;ALIMENTATION;COURSES;-5.980000
2025-12-25;CASH;CARD_TRANSACTION;VAL VIANDES;ALIMENTATION;BOUCHERIE;-99.100000
2025-12-27;CASH;CARD_TRANSACTION;AMAZON PAYMENTS 2441535;ACHATS;DIVERS;-195.980000
2025-12-27;CASH;CARD_TRANSACTION;GD FRAIS SENTI;ALIMENTATION;COURSES;-29.900000
2025-12-27;CASH;CARD_TRANSACTION;GD FRAIS SENTI;ALIMENTATION;COURSES;-12.970000
2025-12-27;CASH;CARD_TRANSACTION;LEROY MERLIN 4986085;MAISON;BRICOLAGE;-19.000000
2025-12-27;CASH;CARD_TRANSACTION;SAS BETA;ALIMENTATION;BOULANGERIE;-2.200000
2025-12-28;CASH;CARD_TRANSACTION;NYX*VALENCIENNESPLACEDA;ACHATS;DIVERS;-0.500000
2025-12-29;CASH;CARD_TRANSACTION;EL GANA;ALIMENTATION;RESTAURANTS;-5.000000
2025-12-29;CASH;CARD_TRANSACTION;EL GANA;ALIMENTATION;RESTAURANTS;-6.600000
2025-12-29;CASH;CARD_TRANSACTION;SPEED PIZZA;ALIMENTATION;RESTAURANTS;-32.000000
2025-12-30;CASH;CARD_TRANSACTION;VAL VIANDES;ALIMENTATION;BOUCHERIE;-23.070000
2025-12-31;CASH;CARD_TRANSACTION;BIE DE LA HALLE;ALIMENTATION;BOUCHERIE;-23.060000
2025-12-31;CASH;CARD_TRANSACTION;DELEBARRE VINS;ACHATS;CADEAUX;-30.000000
2025-12-31;CASH;CARD_TRANSACTION;NYX*LILLEAUTOMATIQUEDIST;ACHATS;CAFE;-5.000000
2025-12-31;CASH;CARD_TRANSACTION;PASS;CHARGES_VARIABLES;TRANSPORTS_COMMUN;-4.000000
2025-12-31;CASH;CARD_TRANSACTION;PASS;CHARGES_VARIABLES;TRANSPORTS_COMMUN;-7.500000
2026-01-01;CASH;CARD_TRANSACTION;ILEVIA DAT TRAM;BANQUE;INTERETS;-3.800000
2026-01-01;CASH;INTEREST_PAYMENT;Interest payment for payout collection 019b77ea-82d2-7a66-9563-49553de0f821;CHARGES_VARIABLES;TRANSPORTS_COMMUN;1.410000
2026-01-01;CASH;CARD_TRANSACTION;LE COIN DES AMIS;BANQUE;INTERETS;-12.400000
2026-01-01;CASH;BENEFITS_SAVEBACK;Saveback cash reward 2ff9907a-5540-4e7b-9295-0a8ac64ba412 for reservation: e6c6309c-e65b-4971-a696-61ea6c47473f;ALIMENTATION;RESTAURANTS;15.000000
2026-01-02;TRADING;BUY;Savings plan execution LU1681048804 Amundi Index Solutions - Amundi S&P 500 Swap UCITS ETF EUR Acc, quantity: 0.129433;EPARGNE;INVESTISSEMENTS;-15.00
2026-01-03;CASH;TRANSFER_INSTANT_INBOUND;Incoming transfer from M PAUL DENHEZ (FR7616275500000412664270831);DIVERS;AJUSTEMENTS_ERREURS;200.000000
2026-01-03;CASH;TRANSFER_INSTANT_INBOUND;Incoming transfer from M PAUL DENHEZ (FR7616275500000412664270831);DIVERS;AJUSTEMENTS_ERREURS;1.000000
2026-01-03;CASH;CARD_TRANSACTION;PATHE Valencien 4094033;LOISIRS;SORTIES;-8.000000
2026-01-05;CASH;TRANSFER_INSTANT_INBOUND;Incoming transfer from Paul Denhez (FR802043302626N269793476611);DIVERS;AJUSTEMENTS_ERREURS;1350.000000
2026-01-05;CASH;CARD_TRANSACTION;TOTAL 4380175;CHARGES_VARIABLES;CARBURANT;-22.110000
2026-01-06;CASH;CARD_TRANSACTION;AMAZON PAYMENTS 2441535;ACHATS;DIVERS;-56.990000
2026-01-06;CASH;CARD_TRANSACTION;VAL VIANDES;ALIMENTATION;BOUCHERIE;-3.720000
2026-01-07;CASH;CARD_TRANSACTION;ALIEXPRESS.COM;ACHATS;DIVERS;-0.990000
2026-01-07;CASH;CARD_TRANSACTION;aliexpress;CHARGES_FIXES;ABONNEMENTS_FIXES;-5.990000
2026-01-07;CASH;CARD_TRANSACTION;PASS;LOISIRS;SORTIES;-36.000000
2026-01-09;CASH;CARD_TRANSACTION;APPLE.COM/BILL;CHARGES_FIXES;ABONNEMENTS_FIXES;-22.990000
2026-01-09;CASH;TRANSFER_INBOUND;Incoming transfer from M PAUL DENHEZ (FR7616275500000412664270831);DIVERS;AJUSTEMENTS_ERREURS;5000.000000
2026-01-10;CASH;CARD_TRANSACTION;GD FRAIS SENTI;ALIMENTATION;COURSES;-51.490000
2026-01-10;CASH;CARD_TRANSACTION;MARIE BLACHERE;ALIMENTATION;BOULANGERIE;-2.600000
2026-01-10;CASH;CARD_TRANSACTION;TSBV;LOISIRS;SPORT;-7.900000
2026-01-11;CASH;CARD_TRANSACTION;EURL A MOREAU;ALIMENTATION;BOULANGERIE;-15.200000
2026-01-12;TRADING;BUY;Buy trade FR0000121014 LVMH EO 0,3, quantity: 0.030625;BANQUE;INTERETS;-20.00
2026-01-12;CASH;GIFT;Gift lottery order: Transfer from marketing stock perk to recipient cash account for lottery 16f54a22-4f44-4479-98ed-b843c3eaefcc;BANQUE;FRAIS;21.000000
2026-01-13;CASH;CARD_TRANSACTION;VAL VIANDES;ALIMENTATION;BOUCHERIE;-17.030000
2026-01-14;CASH;CARD_TRANSACTION;AMAZON PAYMENTS 2441535;ACHATS;DIVERS;-91.300000
2026-01-15;CASH;CARD_TRANSACTION;APPLE.COM/BILL;CHARGES_FIXES;ABONNEMENTS_FIXES;-2.990000
2026-01-15;CASH;CARD_TRANSACTION;NYX*LILLEAUTOMATIQUEDIST;ACHATS;CAFE;-0.300000
2026-01-15;CASH;CARD_TRANSACTION;TOTAL 4382361;CHARGES_VARIABLES;CARBURANT;-25.000000
2026-01-17;CASH;CARD_TRANSACTION;AMAZON EU SARL 2090401;ACHATS;DIVERS;-7.560000
2026-01-17;CASH;CARD_TRANSACTION;GD FRAIS SENTI;ALIMENTATION;COURSES;-29.440000
2026-01-17;CASH;CARD_TRANSACTION;MARIE BLACHERE;ALIMENTATION;BOULANGERIE;-4.900000
2026-01-18;CASH;CARD_TRANSACTION;VINS GOURMANDS;ACHATS;VIN;-72.200000
2026-01-19;CASH;CARD_TRANSACTION;AMAZON PRIME FR 2469664;ACHATS;DIVERS;-6.990000
2026-01-19;CASH;CARD_TRANSACTION;FF ATHLETISME;LOISIRS;SPORT;-5.000000
2026-01-19;CASH;CARD_TRANSACTION;SPORT TICKETING 4035015;LOISIRS;SPORT;-10.870000
2026-01-20;CASH;CARD_TRANSACTION;UNIQLO EUROPE LTD;ACHATS;VETEMENTS;-14.800000
2026-01-20;CASH;CARD_TRANSACTION;VAL VIANDES;ALIMENTATION;BOUCHERIE;-15.670000
2026-01-21;CASH;CARD_TRANSACTION;AMAZON EU SARL 2090401;ACHATS;DIVERS;-61.600000
2026-01-21;CASH;CARD_TRANSACTION;NYX*LILLEAUTOMATIQUEDIST;ACHATS;CAFE;-5.000000
2026-01-22;CASH;CARD_TRANSACTION;TSBV;LOISIRS;SPORT;-7.900000
2026-01-22;CASH;CARD_TRANSACTION;TSBV;LOISIRS;SPORT;-6.500000
2026-01-24;CASH;CARD_TRANSACTION;AMAZON EU SARL 2090401;ACHATS;DIVERS;-23.900000
2026-01-24;CASH;CARD_TRANSACTION;O TERA;ALIMENTATION;COURSES;-61.050000
2026-01-24;CASH;CARD_TRANSACTION;SumUp *SBCONCEPT;ACHATS;SOIN DE LA PERSONNE;-25.000000
2026-01-25;CASH;CARD_TRANSACTION;EURL A MOREAU;ALIMENTATION;BOULANGERIE;-4.750000
2026-01-25;CASH;CARD_TRANSACTION;GD FRAIS SENTI;ALIMENTATION;COURSES;-4.180000
2026-01-25;CASH;CARD_TRANSACTION;GD FRAIS SENTI;ALIMENTATION;COURSES;-42.420000
2026-01-25;CASH;CARD_TRANSACTION;MARIE BLACHERE;ALIMENTATION;COURSES;-2.600000
2026-01-25;CASH;CARD_TRANSACTION;PHARMACIE DE LA 2030766;SANTE;PHARMACIE;-10.100000
2026-01-27;CASH;CARD_TRANSACTION;VAL VIANDES;ALIMENTATION;BOUCHERIE;-17.980000
2026-01-29;CASH;CARD_TRANSACTION;BAR BILTOKI HALLES D;ALIMENTATION;RESTAURANTS;-10.000000
2026-01-29;CASH;CARD_TRANSACTION;BAR BILTOKI HALLES D;ALIMENTATION;RESTAURANTS;-8.000000
2026-01-29;CASH;CARD_TRANSACTION;BAR BILTOKI HALLES D;ALIMENTATION;RESTAURANTS;-4.500000
2026-01-29;CASH;CARD_TRANSACTION;BAR BILTOKI HALLES D;ALIMENTATION;RESTAURANTS;-8.000000
2026-01-29;CASH;CARD_TRANSACTION;CAFE BONHEUR;ALIMENTATION;RESTAURANTS;-8.300000
2026-01-29;CASH;CARD_TRANSACTION;NYX*LILLEAUTOMATIQUEDIST;ACHATS;CAFE;-0.300000
2026-01-29;CASH;CARD_TRANSACTION;TOTAL 4379751;CHARGES_VARIABLES;CARBURANT;-24.530000
2026-01-29;CASH;CARD_TRANSACTION;ZENPARKMailleri 4030783;CHARGES_VARIABLES;STATIONNEMENT_PEAGES;-5.900000
2026-01-30;CASH;TRANSFER_INSTANT_INBOUND;Incoming transfer from M PAUL DENHEZ (FR7616275500000412664270831);DIVERS;AJUSTEMENTS_ERREURS;838.060000
2026-01-30;CASH;TRANSFER_INSTANT_INBOUND;Incoming transfer from M PAUL DENHEZ (FR7616275500000412664270831);DIVERS;AJUSTEMENTS_ERREURS;392.770000
2026-01-31;CASH;CARD_TRANSACTION;EURL A MOREAU;ALIMENTATION;BOULANGERIE;-5.550000
2026-02-01;CASH;CARD_TRANSACTION;GD FRAIS SENTI;ALIMENTATION;COURSES;-52.040000
2026-02-01;CASH;INTEREST_PAYMENT;Interest payment for payout collection 019c16f5-1dce-761c-9aed-f65f76e415e9;BANQUE;INTERETS;8.050000
2026-02-01;CASH;CARD_TRANSACTION;LEROY MERLIN 4986085;MAISON;BRICOLAGE;-59.370000
2026-02-02;TRADING;BUY;Savings plan execution LU1681048804 Amundi Index Solutions - Amundi S&P 500 Swap UCITS ETF EUR Acc, quantity: 0.425985;EPARGNE;INVESTISSEMENTS;-50.00
2026-02-02;CASH;CARD_TRANSACTION;VAL VIANDES;ALIMENTATION;BOUCHERIE;-21.020000
2026-02-03;CASH;TRANSFER_INBOUND;Incoming transfer from M PAUL DENHEZ (FR7616275500000412664270831);DIVERS;AJUSTEMENTS_ERREURS;2500.000000
2026-02-03;CASH;CARD_TRANSACTION;RIGOLETTO;ALIMENTATION;RESTAURANTS;-34.000000
2026-02-03;CASH;CARD_TRANSACTION;TSBV;LOISIRS;SPORT;-8.500000
2026-02-04;CASH;CARD_TRANSACTION;Amazon.fr*695A60NC5;ACHATS;DIVERS;-19.740000
2026-02-05;CASH;CARD_TRANSACTION;BRICO DEPOT 2903906;MAISON;BRICOLAGE;-72.780000
2026-02-05;CASH;CARD_TRANSACTION;BRICO DEPOT 2903906;MAISON;BRICOLAGE;-34.470000
2026-02-05;CASH;CARD_TRANSACTION;TOTAL 4379751;CHARGES_VARIABLES;CARBURANT;-26.930000
2026-02-06;CASH;TRANSFER_INSTANT_INBOUND;Incoming transfer from M PAUL DENHEZ (FR7616275500000412664270831);DIVERS;AJUSTEMENTS_ERREURS;2500.000000
2026-02-06;CASH;CARD_TRANSACTION;LEROY MERLIN 4986085;MAISON;BRICOLAGE;-70.000000
2026-02-07;CASH;CARD_TRANSACTION;AMZN Mktp FR*ZH4TV4GS5;ACHATS;DIVERS;-14.180000
2026-02-08;CASH;CARD_TRANSACTION;APPLE.COM/BILL;CHARGES_FIXES;ABONNEMENTS_FIXES;-22.990000
2026-02-08;CASH;CARD_TRANSACTION;GRAND FRAIS AULNOY;ALIMENTATION;COURSES;-55.570000
2026-02-08;CASH;CARD_TRANSACTION;TSBV;LOISIRS;SPORT;-7.900000
2026-02-09;CASH;CARD_TRANSACTION;O TERA;ALIMENTATION;COURSES;-66.710000
2026-02-11;CASH;CARD_TRANSACTION;E0022API EDS ONE;ACHATS;CAFE;-2.330000
2026-02-11;CASH;CARD_TRANSACTION;NYX*LILLEAUTOMATIQUEDIST;ACHATS;CAFE;-0.300000
2026-02-11;CASH;CARD_TRANSACTION;NYX*LILLEAUTOMATIQUEDIST;ACHATS;CAFE;-0.300000
2026-02-11;CASH;CARD_TRANSACTION;NYX*LILLEAUTOMATIQUEDIST;ACHATS;CAFE;-0.300000
2026-02-12;CASH;CARD_TRANSACTION;NYX*LILLEAUTOMATIQUEDIST;ACHATS;CAFE;-5.000000
2026-02-12;CASH;CARD_TRANSACTION;NYX*LILLEAUTOMATIQUEDIST;ACHATS;CAFE;-5.000000
2026-02-12;CASH;CARD_TRANSACTION;PASS;LOISIRS;SORTIES;-27.000000
2026-02-12;CASH;CARD_TRANSACTION;PASS;LOISIRS;SORTIES;-27.000000
2026-02-13;CASH;CARD_TRANSACTION;AMZN Mktp FR*UE14R4YR5;ACHATS;DIVERS;-14.990000
2026-02-14;CASH;CARD_TRANSACTION;SAS JVA;ALIMENTATION;RESTAURANTS;-83.700000
2026-02-15;CASH;CARD_TRANSACTION;APPLE.COM/BILL;CHARGES_FIXES;ABONNEMENTS_FIXES;-2.990000
2026-02-15;CASH;CARD_TRANSACTION;F K F SC;ALIMENTATION;COURSES;-27.500000
2026-02-15;CASH;CARD_TRANSACTION;GRAND FRAIS AULNOY;ALIMENTATION;COURSES;-13.130000
2026-02-16;CASH;CARD_TRANSACTION;LE COMPTOIR VOLANT;ALIMENTATION;RESTAURANTS;-36.800000
2026-02-16;CASH;CARD_TRANSACTION;LE JARDIN DES FL;ACHATS;CADEAUX;-26.200000
2026-02-16;CASH;CARD_TRANSACTION;O TERA;ALIMENTATION;COURSES;-37.900000
2026-02-16;TRADING;BUY;Savings plan execution LU1681048804 Amundi Index Solutions - Amundi S&P 500 Swap UCITS ETF EUR Acc, quantity: 0.043076;EPARGNE;INVESTISSEMENTS;-4.94
2026-02-17;CASH;CARD_TRANSACTION;VAL VIANDES;ALIMENTATION;BOUCHERIE;-20.200000
2026-02-19;CASH;CARD_TRANSACTION;AMAZON PRIME FR 2469664;CHARGES_FIXES;ABONNEMENTS_FIXES;-6.990000
2026-02-19;CASH;CARD_TRANSACTION;AMZN Mktp FR*4V51J02W5;ACHATS;DIVERS;-12.990000
2026-02-19;CASH;CARD_TRANSACTION;NYX*LILLEAUTOMATIQUEDIST;ACHATS;CAFE;-0.300000
2026-02-19;CASH;CARD_TRANSACTION;NYX*LILLEAUTOMATIQUEDIST;ACHATS;CAFE;-0.200000
2026-02-19;CASH;CARD_TRANSACTION;TOTAL 4379751;CHARGES_VARIABLES;CARBURANT;-30.030000
2026-02-20;CASH;CARD_TRANSACTION;LE VALENCY;ACHATS;TABAC;-11.300000
2026-02-20;CASH;CARD_TRANSACTION;TSBV;LOISIRS;SPORT;-7.900000
2026-02-21;CASH;CARD_TRANSACTION;BRICO DEPOT 2903906;MAISON;BRICOLAGE;-37.800000
2026-02-21;CASH;CARD_TRANSACTION;PUB ST MARTIN;ALIMENTATION;RESTAURANTS;-32.300000
2026-02-21;CASH;CARD_TRANSACTION;ZW;ALIMENTATION;RESTAURANTS;-37.010000
2026-02-22;CASH;CARD_TRANSACTION;AMAZON EU SARL 2090401;ACHATS;DIVERS;-64.990000
2026-02-22;CASH;CARD_TRANSACTION;EURL A MOREAU;ALIMENTATION;BOULANGERIE;-3.400000
2026-02-22;CASH;CARD_TRANSACTION;PPG*PHASE NEUTRE;MAISON;BRICOLAGE;-21.560000
2026-02-22;CASH;CARD_TRANSACTION;SP WILDDE;ACHATS;SOIN DE LA PERSONNE;-29.550000
2026-02-23;TRADING;BUY;Savings plan execution LU1681048804 Amundi Index Solutions - Amundi S&P 500 Swap UCITS ETF EUR Acc, quantity: 0.146655;EPARGNE;INVESTISSEMENTS;-16.96
2026-02-23;CASH;CARD_TRANSACTION;SumUp *Circolo Valgua;ACHATS;VIN;-15.000000
2026-02-24;CASH;CARD_TRANSACTION;VAL VIANDES;ALIMENTATION;BOUCHERIE;-16.170000
2026-02-25;CASH;CARD_TRANSACTION;LE VALENCY;ACHATS;TABAC;-11.200000
2026-02-25;CASH;TRANSFER_INSTANT_OUTBOUND;Outgoing transfer for M PAUL DENHEZ (FR7616275500000412664270831);DIVERS;AJUSTEMENTS_ERREURS;-1.000000
2026-02-26;CASH;CARD_TRANSACTION;Amazon.fr*BC3H680B5;ACHATS;DIVERS;-39.990000
2026-02-26;CASH;CARD_TRANSACTION;Amazon.fr*O52KO52R5;ACHATS;DIVERS;-11.900000
2026-02-26;CASH;CARD_TRANSACTION;MGP*Le Pot Commun;ACHATS;CADEAUX;-20.000000
2026-02-26;CASH;CARD_TRANSACTION;NYX*LILLEAUTOMATIQUEDIST;ACHATS;CAFE;-0.300000
2026-02-27;CASH;CARD_TRANSACTION;NYX*LILLEAUTOMATIQUEDIST;ACHATS;CAFE;-0.300000
2026-02-28;CASH;CARD_TRANSACTION;CARREFOUR CITY;ALIMENTATION;COURSES;-14.060000
2026-02-28;CASH;CARD_TRANSACTION;LE VALENCY;ACHATS;TABAC;-11.200000
2026-03-01;CASH;BENEFITS_SAVEBACK;Cash reward allocation;BANQUE;INTERETS;12,79
2026-03-01;CASH;INTEREST_PAYMENT;Interest payment;BANQUE;INTERETS;11,02
2026-03-01;CASH;CARD_TRANSACTION;Action 4465;EPARGNE;INVESTISSEMENTS;-2,07
2026-03-01;CASH;CARD_TRANSACTION;GRAND FRAIS AULNOY;ALIMENTATION;COURSES;-31,53
2026-03-02;CASH;CARD_TRANSACTION;PATISS & VOUS;ACHATS;DIVERS;-16,90
2026-03-02;CASH;CARD_TRANSACTION;CARREFOUR VALENC;ACHATS;DIVERS;-7,18
2026-03-02;CASH;BUY;Savings plan execution LU1681048804 Amundi Index Solutions - Amundi S&P 500 Swap UCITS ETF EUR Acc, quantity: 0.428871;EPARGNE;INVESTISSEMENTS;-50,00
2026-03-02;CASH;BUY;Savings plan execution LU1681048804 Amundi Index Solutions - Amundi S&P 500 Swap UCITS ETF EUR Acc, quantity: 0.141019;EPARGNE;INVESTISSEMENTS;-16,44
2026-03-02;CASH;BUY;Savings plan execution LU1681048804 Amundi Index Solutions - Amundi S&P 500 Swap UCITS ETF EUR Acc, quantity: 0.109710;EPARGNE;INVESTISSEMENTS;-12,79
2026-03-03;CASH;CARD_TRANSACTION;AMZN Mktp FR*XX0N21NA5;ACHATS;DIVERS;-34,98
2026-03-03;CASH;TRANSFER_INBOUND;Incoming transfer from M PAUL DENHEZ (FR7616275500000412664270831);DIVERS;AJUSTEMENTS_ERREURS;2 500,00
2026-03-03;CASH;CARD_TRANSACTION;VAL VIANDES;ALIMENTATION;BOUCHERIE;-19,95
2026-03-04;CASH;CARD_TRANSACTION;TOTAL 4379751;CHARGES_VARIABLES;CARBURANT;-31,24
2026-03-04;CASH;CARD_TRANSACTION;LE VALENCY;ACHATS;TABAC;-12,40
2026-03-05;CASH;CARD_TRANSACTION;NYX*LILLEAUTOMATIQUEDIST;ACHATS;CAFE;-0,30
2026-03-05;CASH;CARD_TRANSACTION;NYX*LILLEAUTOMATIQUEDIST;ACHATS;CAFE;-0,30
2026-03-05;CASH;CARD_TRANSACTION;ZENPARKMailleri 4030783;CHARGES_VARIABLES;STATIONNEMENT_PEAGES;-5,00
2026-03-05;CASH;CARD_TRANSACTION;BAR BILTOKI HALLES D;ALIMENTATION;RESTAURANTS;-17,00
2026-03-05;CASH;CARD_TRANSACTION;BAR BILTOKI HALLES D;ALIMENTATION;RESTAURANTS;-8,00
2026-03-06;CASH;CARD_TRANSACTION;EURL A MOREAU;ALIMENTATION;BOULANGERIE;-4,25
2026-03-07;CASH;CARD_TRANSACTION;TSBV;LOISIRS;SPORT;-14,00
2026-03-08;CASH;CARD_TRANSACTION;APPLE.COM/BILL;CHARGES_FIXES;ABONNEMENTS_FIXES;-22,99
2026-03-09;CASH;CARD_TRANSACTION;O TERA;ALIMENTATION;COURSES;-43,63
2026-03-09;CASH;BUY;Savings plan execution LU1681048804 Amundi Index Solutions - Amundi S&P 500 Swap UCITS ETF EUR Acc, quantity: 0.137919;EPARGNE;INVESTISSEMENTS;-15,88
2026-03-10;CASH;CARD_TRANSACTION;GRAND FRAIS AULNOY;ALIMENTATION;COURSES;-38,24
2026-03-10;CASH;CARD_TRANSACTION;Amazon.fr*XP1VP7X15;ACHATS;DIVERS;-169,00
2026-03-10;CASH;CARD_TRANSACTION;VAL VIANDES;ALIMENTATION;BOUCHERIE;-15,35
2026-03-10;CASH;CARD_TRANSACTION;PICARD 0955;ALIMENTATION;COURSES;-22,97
2026-03-11;CASH;CARD_TRANSACTION;NYX*LILLEAUTOMATIQUEDIST;ACHATS;CAFE;-0,30
2026-03-11;CASH;CARD_TRANSACTION;O TERA;ALIMENTATION;COURSES;-11,65
2026-03-11;CASH;CARD_TRANSACTION;TOTAL 4382361;CHARGES_VARIABLES;CARBURANT;-25,00
2026-03-11;CASH;CARD_TRANSACTION;NYX*LILLEAUTOMATIQUEDIST;ACHATS;CAFE;-5,00
2026-03-12;CASH;CARD_TRANSACTION;E0022API EDS ONEY SC;ALIMENTATION;RESTAURANTS;-1,32
2026-03-13;CASH;CARD_TRANSACTION;AMZN Mktp FR*M69UR9SB5;ACHATS;DIVERS;-9,99
2026-03-13;CASH;CARD_TRANSACTION;Amazon.fr*JN13T3OL5;ACHATS;DIVERS;-10,85
2026-03-15;CASH;CARD_TRANSACTION;APPLE.COM/BILL;CHARGES_FIXES;ABONNEMENTS_FIXES;-2,99
2026-03-15;CASH;CARD_TRANSACTION;Action 4465;ACHATS;DIVERS;-7,96
2026-03-16;CASH;CARD_TRANSACTION;EURL A MOREAU;ALIMENTATION;BOULANGERIE;-3,40
2026-03-16;CASH;BUY;Savings plan execution LU1681048804 Amundi Index Solutions - Amundi S&P 500 Swap UCITS ETF EUR Acc, quantity: 0.137313;EPARGNE;INVESTISSEMENTS;-15,96
2026-03-17;CASH;CARD_TRANSACTION;MGP*Le Pot Commun;ACHATS;CADEAUX;-10,00
2026-03-17;CASH;CARD_TRANSACTION;MGP*Le Pot Commun;ACHATS;CADEAUX;-15,00
2026-03-17;CASH;CARD_TRANSACTION;VAL VIANDES;ALIMENTATION;BOUCHERIE;-22,98
2026-03-18;CASH;CARD_TRANSACTION;GD FRAIS SENTI;ALIMENTATION;COURSES;-51,43
2026-03-18;CASH;CARD_TRANSACTION;MARIE BLACHERE;ALIMENTATION;BOULANGERIE;-2,30
2026-03-18;CASH;CARD_TRANSACTION;LE VALENCY;ACHATS;TABAC;-12,60
2026-03-18;CASH;CARD_TRANSACTION;E0022API EDS ONEY SC;ALIMENTATION;RESTAURANTS;-2,94
2026-03-18;CASH;CARD_TRANSACTION;E0022API EDS ONEY SC;ALIMENTATION;RESTAURANTS;-3,96
2026-03-19;CASH;CARD_TRANSACTION;AMAZON PRIME FR 2469664;CHARGES_FIXES;ABONNEMENTS_FIXES;-6,99
2026-03-19;CASH;CARD_TRANSACTION;BAR BILTOKI HALLES D;ALIMENTATION;RESTAURANTS;-5,50
2026-03-19;CASH;CARD_TRANSACTION;BAR BILTOKI HALLES D;ALIMENTATION;RESTAURANTS;-15,00
2026-03-19;CASH;CARD_TRANSACTION;E0022API EDS ONEY SC;ALIMENTATION;RESTAURANTS;-1,22
2026-03-20;CASH;TRANSFER_INSTANT_OUTBOUND;Outgoing transfer for M PAUL DENHEZ (FR7616275500000412664270831);LOISIRS;VACANCES_WEEKENDS;-5 861,02
2026-03-20;CASH;CARD_TRANSACTION;GD FRAIS SENTI;ALIMENTATION;COURSES;-36,35
2026-03-20;CASH;CARD_TRANSACTION;PHIE DE LA GRAND PL;SANTE;PHARMACIE;-5,99
2026-03-20;CASH;CARD_TRANSACTION;MARIE BLACHERE;ALIMENTATION;BOULANGERIE;-2,60
2026-03-21;CASH;CARD_TRANSACTION;AMZN Mktp FR*IQ6H78CM5;ACHATS;DIVERS;-19,99
2026-03-21;CASH;CARD_TRANSACTION;JAURES RESTO BBK;ALIMENTATION;RESTAURANTS;-34,25
2026-03-21;CASH;CARD_TRANSACTION;TSBV;LOISIRS;SPORT;-7,80
2026-03-21;CASH;CARD_TRANSACTION;AMZN Mktp FR;ACHATS;DIVERS;24,99
2026-03-22;CASH;CARD_TRANSACTION;BOUCHERIE DEJARD;ALIMENTATION;BOUCHERIE;-62,10
2026-03-22;CASH;CARD_TRANSACTION;AMAZON PAYMENTS 2441535;ACHATS;DIVERS;-5,89
2026-03-23;CASH;CARD_TRANSACTION;O TERA;ALIMENTATION;COURSES;-34,74
2026-03-23;CASH;CARD_TRANSACTION;AMZN Mktp FR*PY66U2U05;ACHATS;DIVERS;-9,99
2026-03-23;CASH;BUY;Savings plan execution LU1681048804 Amundi Index Solutions - Amundi S&P 500 Swap UCITS ETF EUR Acc, quantity: 0.181969;EPARGNE;INVESTISSEMENTS;-20,72
2026-03-24;CASH;CARD_TRANSACTION;Amazon.fr*IC2H26505;ACHATS;DIVERS;-16,64
2026-03-24;CASH;CARD_TRANSACTION;AMAZON PAYMENTS 2441535;ACHATS;DIVERS;-31,38
2026-03-25;CASH;CARD_TRANSACTION;TOTAL 4379751;CHARGES_VARIABLES;CARBURANT;-27,89
2026-03-26;CASH;CARD_TRANSACTION;Amazon.fr*GI3A800V5;ACHATS;DIVERS;-169,00
2026-03-27;CASH;CARD_TRANSACTION;Amazon.fr*RK1TR9B75;ACHATS;DIVERS;-11,75
2026-03-27;CASH;CARD_TRANSACTION;AMZN Mktp FR*5Z6IO2QZ5;ACHATS;DIVERS;-6,99
2026-03-27;CASH;CARD_TRANSACTION;MARIE BLACHERE;ALIMENTATION;BOULANGERIE;-3,70
2026-03-27;CASH;CARD_TRANSACTION;DECHETS AMIANTES2699525;DIVERS;DEPENSES_EXCEPTIONNELLES;-30,00
2026-03-27;CASH;CARD_TRANSACTION;AMAZON PAYMENTS 2441535;ACHATS;DIVERS;-36,50
2026-03-27;CASH;CARD_TRANSACTION;VAL VIANDES;ALIMENTATION;BOUCHERIE;-22,08
2026-03-27;CASH;CARD_TRANSACTION;GD FRAIS SENTI;ALIMENTATION;COURSES;-24,64
2026-03-29;CASH;CARD_TRANSACTION;MARIE BLACHERE;ALIMENTATION;BOULANGERIE;-3,30
2026-03-29;CASH;CARD_TRANSACTION;GD FRAIS SENTI;ALIMENTATION;COURSES;-88,02
2026-03-30;CASH;CARD_TRANSACTION;LEROY MERLIN 4986085;MAISON;BRICOLAGE;-24,27
2026-03-31;CASH;INTEREST_PAYMENT;Interest tax correction for January 2026 Payout;BANQUE;INTERETS;-0,01
2026-03-31;CASH;INTEREST_PAYMENT;Interest tax correction for January 2026 Payout;BANQUE;INTERETS;-0,01
2026-03-31;CASH;CARD_TRANSACTION;LEROY MERLIN 4986085;MAISON;BRICOLAGE;-57,36
2026-03-31;CASH;CARD_TRANSACTION;VAL VIANDES;ALIMENTATION;BOUCHERIE;-19,42
2026-04-01;CASH;INTEREST_PAYMENT;Interest payment for payout collection 019d46d5-b892-78ad-8d48-e65c8f858b09;BANQUE;INTERETS;11,35
2026-04-01;CASH;TRANSFER_INSTANT_OUTBOUND;Outgoing transfer for M PAUL DENHEZ (FR7616275500000412664270831);DIVERS;AJUSTEMENTS_ERREURS;-1 500,00
2026-04-01;CASH;BENEFITS_SAVEBACK;Saveback cash reward 69b6bc4f-334f-4414-bcdc-340423cdac9e for reservation: 2ee36c82-4ce9-4a13-a064-eeca9c5493fd;EPARGNE;INVESTISSEMENTS;15,00
2026-04-02;CASH;CARD_TRANSACTION;INTER LA SENT;ALIMENTATION;COURSES;-23,17
2026-04-02;CASH;CARD_TRANSACTION;E0022API EDS ONEY SC;ALIMENTATION;RESTAURANTS;-5,18
2026-04-02;CASH;BUY;Savings plan execution LU1681048804 Amundi Index Solutions - Amundi S&P 500 Swap UCITS ETF EUR Acc, quantity: 0.443026;EPARGNE;INVESTISSEMENTS;-50,00
2026-04-02;CASH;BUY;Savings plan execution LU1681048804 Amundi Index Solutions - Amundi S&P 500 Swap UCITS ETF EUR Acc, quantity: 0.132925;EPARGNE;INVESTISSEMENTS;-15,00
2026-04-02;CASH;BUY;Savings plan execution LU1681048804 Amundi Index Solutions - Amundi S&P 500 Swap UCITS ETF EUR Acc, quantity: 0.176324;EPARGNE;INVESTISSEMENTS;-19,90
2026-04-03;CASH;CARD_TRANSACTION;AMZN Mktp FR*NB0A66PT4;ACHATS;DIVERS;-23,95
2026-04-03;CASH;CARD_TRANSACTION;CAFES REMY;ACHATS;CAFE;-80,70
2026-04-04;CASH;CARD_TRANSACTION;O TERA;ALIMENTATION;COURSES;-52,22
2026-04-04;CASH;CARD_TRANSACTION;MARIE BLACHERE;ALIMENTATION;BOULANGERIE;-7,60
2026-04-04;CASH;CARD_TRANSACTION;GD FRAIS SENTI;ALIMENTATION;COURSES;-67,16
2026-04-04;CASH;CARD_TRANSACTION;VAL VIANDES;ALIMENTATION;BOUCHERIE;-32,33
2026-04-04;CASH;CARD_TRANSACTION;CHRONO 1041;ALIMENTATION;COURSES;-74,86
2026-04-05;CASH;CARD_TRANSACTION;MARIE BLACHERE;ALIMENTATION;COURSES;-3,30
2026-04-05;CASH;CARD_TRANSACTION;GD FRAIS SENTI;ALIMENTATION;COURSES;-21,58
2026-04-05;CASH;CARD_TRANSACTION;VAL VIANDES;ALIMENTATION;BOUCHERIE;-12,04
2026-04-05;CASH;CARD_TRANSACTION;LE VALENCY;ACHATS;TABAC;-12,60
2026-04-07;CASH;TRANSFER_INBOUND;Incoming transfer from M PAUL DENHEZ (FR7616275500000412664270831);DIVERS;AJUSTEMENTS_ERREURS;2 500,00
2026-04-08;CASH;CARD_TRANSACTION;APPLE.COM/BILL;CHARGES_FIXES;ABONNEMENTS_FIXES;-22,99
2026-04-09;CASH;CARD_TRANSACTION;BAR BILTOKI HALLES D;ALIMENTATION;RESTAURANTS;-8,00
2026-04-09;CASH;CARD_TRANSACTION;VINI LILLE;ALIMENTATION;RESTAURANTS;-5,00
2026-04-09;CASH;CARD_TRANSACTION;CIVETTE DE LA TOUR;ACHATS;TABAC;-14,90
2026-04-09;CASH;CARD_TRANSACTION;NYX*LILLEAUTOMATIQUEDIST;ACHATS;CAFE;-5,00
2026-04-09;CASH;CARD_TRANSACTION;ZENPARKMailleri 4030783;CHARGES_VARIABLES;STATIONNEMENT_PEAGES;-5,90
2026-04-09;CASH;BUY;Savings plan execution LU1681048804 Amundi Index Solutions - Amundi S&P 500 Swap UCITS ETF EUR Acc, quantity: 0.152852;EPARGNE;INVESTISSEMENTS;-17,64
2026-04-10;CASH;CARD_TRANSACTION;VAL VIANDES;ALIMENTATION;BOUCHERIE;-20,11
2026-04-10;CASH;CARD_TRANSACTION;E0022API EDS ONEY SC;ALIMENTATION;RESTAURANTS;-2,64
2026-04-12;CASH;CARD_TRANSACTION;ANYBUDDY* ANYBUDDY;ACHATS;DIVERS;-40,00
2026-04-12;CASH;CARD_TRANSACTION;BAOBABVANIL;ACHATS;DIVERS;-36,41
2026-04-12;CASH;CARD_TRANSACTION;DECATHLON 0154;ACHATS;DIVERS;-8,99
2026-04-13;CASH;CARD_TRANSACTION;AMZN Mktp FR*NI3L54U84;ACHATS;DIVERS;-4,99
2026-04-13;CASH;CARD_TRANSACTION;LE SET;ALIMENTATION;RESTAURANTS;-29,40
2026-04-13;CASH;CARD_TRANSACTION;SPEED PIZZA;ALIMENTATION;RESTAURANTS;-31,50
2026-04-15;CASH;CARD_TRANSACTION;ANYBUDDY* ANYBUDDY;ACHATS;DIVERS;-40,00
2026-04-15;CASH;CARD_TRANSACTION;APPLE.COM/BILL;CHARGES_FIXES;ABONNEMENTS_FIXES;-2,99
2026-04-15;CASH;CARD_TRANSACTION;SumUp *CLUB SPORTIF D;ACHATS;DIVERS;-9,00
2026-04-15;CASH;CARD_TRANSACTION;TOTAL 4379751;CHARGES_VARIABLES;CARBURANT;-27,71
2026-04-15;CASH;CARD_TRANSACTION;E0022API EDS ONEY SC;ALIMENTATION;RESTAURANTS;-1,32
2026-04-16;CASH;TRANSFER_INSTANT_INBOUND;Incoming transfer from Paul Michel Raymond Denhez (FR802043302626N269793476611);DIVERS;AJUSTEMENTS_ERREURS;1 500,00
2026-04-16;CASH;BUY;Savings plan execution LU1681048804 Amundi Index Solutions - Amundi S&P 500 Swap UCITS ETF EUR Acc, quantity: 0.125226;EPARGNE;INVESTISSEMENTS;-14,86
2026-04-17;CASH;CARD_TRANSACTION;O TERA;ALIMENTATION;COURSES;-45,51
2026-04-17;CASH;CARD_TRANSACTION;TAMBURRINO SILVI;SANTE;AUTRE_MEDECINE;-55,00
2026-04-17;CASH;CARD_TRANSACTION;LA CRAQUAN TINE;ALIMENTATION;BOULANGERIE;-4,14
2026-04-18;CASH;CARD_TRANSACTION;AMAZON EU SARL 2090401;ACHATS;DIVERS;-13,20
2026-04-18;CASH;CARD_TRANSACTION;SumUp *SBCONCEPT;ACHATS;SOIN DE LA PERSONNE;-25,00
2026-04-20;CASH;CARD_TRANSACTION;Amazon.fr*NZ3S23OB4;ACHATS;DIVERS;-10,99
2026-04-20;CASH;CARD_TRANSACTION;AMZN Mktp FR*NZ55J8FU4;ACHATS;DIVERS;-46,93
2026-04-20;CASH;CARD_TRANSACTION;AMAZON PRIME FR 2469664;CHARGES_FIXES;ABONNEMENTS_FIXES;-6,99
2026-04-20;CASH;CARD_TRANSACTION;AMAZON PAYMENTS 2441535;ACHATS;DIVERS;-30,96
2026-04-20;CASH;CARD_TRANSACTION;EL GANA;ALIMENTATION;COURSES;-4,80
2026-04-20;CASH;CARD_TRANSACTION;BARREL;ALIMENTATION;RESTAURANTS;-55,50
2026-04-20;CASH;CARD_TRANSACTION;AMZN Mktp FR*NZ67X5FF4;ACHATS;DIVERS;-3,99
2026-04-21;CASH;CARD_TRANSACTION;GD FRAIS SENTI;ALIMENTATION;COURSES;-64,64
2026-04-21;CASH;CARD_TRANSACTION;AMAZON PAYMENTS 2441535;ACHATS;DIVERS;-10,99
2026-04-21;CASH;CARD_TRANSACTION;TSBV;LOISIRS;SPORT;-7,90
2026-04-22;CASH;CARD_TRANSACTION;VAL VIANDES;ALIMENTATION;BOUCHERIE;-25,75
2026-04-23;CASH;CARD_TRANSACTION;AMAZON PAYMENTS 2441535;ACHATS;DIVERS;-120,00
2026-04-23;CASH;BUY;Buy trade LU0322251520 Xtrackers - Xtrackers S&P 500 Inverse Daily Swap UCITS ETF 1C, quantity: 19.821605;EPARGNE;INVESTISSEMENTS;-101,00
2026-04-23;CASH;CARD_TRANSACTION;TSBV;LOISIRS;SPORT;-10,00
2026-04-23;CASH;CARD_TRANSACTION;TSBV;LOISIRS;SPORT;-7,20
2026-04-23;CASH;BUY;Savings plan execution LU1681048804 Amundi Index Solutions - Amundi S&P 500 Swap UCITS ETF EUR Acc, quantity: 0.148679;EPARGNE;INVESTISSEMENTS;-18,04
2026-04-24;CASH;CARD_TRANSACTION;AMAZON PAYMENTS 2441535;ACHATS;DIVERS;120,00
2026-04-24;CASH;CARD_TRANSACTION;EURL A MOREAU;ALIMENTATION;BOULANGERIE;-3,40
2026-04-25;CASH;CARD_TRANSACTION;MOTORCAR NORD;CHARGES_VARIABLES;ENTRETIEN_REPARATIONS_VEHICULE;-22,50
2026-04-25;CASH;CARD_TRANSACTION;TRES AMIGOS;ALIMENTATION;RESTAURANTS;-23,00
2026-04-25;CASH;CARD_TRANSACTION;TRES AMIGOS;ALIMENTATION;RESTAURANTS;-37,00
2026-04-25;CASH;CARD_TRANSACTION;LE VALENCY;ACHATS;TABAC;-12,60
2026-04-26;CASH;CARD_TRANSACTION;SARL PRO GRES 4733366;MAISON;BRICOLAGE;-107,94
2026-04-27;CASH;CARD_TRANSACTION;AMZN Mktp FR*NN6ZS0404;ACHATS;DIVERS;-20,91
2026-04-27;CASH;CARD_TRANSACTION;Amazon.fr*NN2YE8FL4;ACHATS;DIVERS;-22,53
2026-04-27;CASH;CARD_TRANSACTION;LEROY MERLIN 4986085;MAISON;BRICOLAGE;-23,30
2026-04-27;CASH;CARD_TRANSACTION;SUR LE POUCE;ALIMENTATION;RESTAURANTS;-27,20
2026-04-28;CASH;CARD_TRANSACTION;GD FRAIS SENTI;ALIMENTATION;COURSES;-49,56
2026-04-28;CASH;CARD_TRANSACTION;LEROY MERLIN 4986085;MAISON;BRICOLAGE;-2,69
2026-04-28;CASH;CARD_TRANSACTION;MARIE BLACHERE;ALIMENTATION;BOULANGERIE;-10,80
2026-04-28;CASH;CARD_TRANSACTION;CM MUSEE;ACHATS;DIVERS;-10,50
2026-04-28;CASH;CARD_TRANSACTION;INTER LA SENT;ALIMENTATION;COURSES;-33,69
2026-04-28;CASH;CARD_TRANSACTION;F K F SC;ALIMENTATION;COURSES;-11,00
2026-04-29;CASH;CARD_TRANSACTION;NYX*LILLEAUTOMATIQUEDIST;ACHATS;CAFE;-0,30
2026-04-29;CASH;CARD_TRANSACTION;AMZN Mktp FR*NN2F42PF4;ACHATS;DIVERS;-23,99
2026-04-29;CASH;CARD_TRANSACTION;BODRUM;ALIMENTATION;RESTAURANTS;-12,50
2026-04-30;CASH;DIVIDEND;Cash Dividend for ISIN FR0000121014;BANQUE;FRAIS;0,16
2026-05-01;CASH;CARD_TRANSACTION;VAL VIANDES;ALIMENTATION;BOUCHERIE;-14,91
2026-05-01;CASH;BENEFITS_SAVEBACK;Saveback cash reward ce737d08-3845-49f2-9a44-c9d19fa43b70 for reservation: 18f646b2-9696-4132-9445-8b69c33b8b20;EPARGNE;INVESTISSEMENTS;15,00
2026-05-01;CASH;INTEREST_PAYMENT;Interest payment for payout collection 019de132-e12f-71ff-bd16-25a551b20136;BANQUE;INTERETS;6,43
2026-05-01;CASH;CARD_TRANSACTION;LEROY MERLIN 4986085;MAISON;BRICOLAGE;-35,80
2026-05-01;CASH;CARD_TRANSACTION;LE VALENCY;ACHATS;TABAC;-11,30
2026-05-04;CASH;CARD_TRANSACTION;Amazon.fr*N64KL7N94;ACHATS;DIVERS;-28,71
2026-05-04;CASH;TRANSFER_INBOUND;Incoming transfer from M PAUL DENHEZ (FR7616275500000412664270831);DIVERS;AJUSTEMENTS_ERREURS;2 500,00
2026-05-04;CASH;CARD_TRANSACTION;CARREFOUR VALENC;ALIMENTATION;COURSES;-41,46
2026-05-04;CASH;BUY;Savings plan execution LU1681048804 Amundi Index Solutions - Amundi S&P 500 Swap UCITS ETF EUR Acc, quantity: 0.405959;EPARGNE;INVESTISSEMENTS;-50,00
2026-05-04;CASH;BUY;Savings plan execution LU1681048804 Amundi Index Solutions - Amundi S&P 500 Swap UCITS ETF EUR Acc, quantity: 0.121812;EPARGNE;INVESTISSEMENTS;-15,00
2026-05-04;CASH;BUY;Savings plan execution LU1681048804 Amundi Index Solutions - Amundi S&P 500 Swap UCITS ETF EUR Acc, quantity: 0.207851;EPARGNE;INVESTISSEMENTS;-25,60
2026-05-05;CASH;CARD_TRANSACTION;HPY*MADE IN MEUBLES;MAISON;MOBILIER;-899,00
2026-05-05;CASH;CARD_TRANSACTION;ETS BROQUET ACH 4634966;ACHATS;DIVERS;-3,85
2026-05-05;CASH;CARD_TRANSACTION;INTER LA SENT;ALIMENTATION;COURSES;-28,68
2026-05-05;CASH;CARD_TRANSACTION;LE VALENCY;ACHATS;TABAC;-11,30
2026-05-08;CASH;CARD_TRANSACTION;APPLE.COM/BILL;CHARGES_FIXES;ABONNEMENTS_FIXES;-22,99