date;category;type;description;_category;_subcategory;amount;transaction_id;mcc_code
2025-10-01;CASH;CARD_TRANSACTION;TOTAL           4379751;CHARGES_VARIABLES;CARBURANT;-29.210000;4f1930a4-138d-41e1-84b6-3f14f68abb78;5541
2025-10-02;CASH;CARD_TRANSACTION;E0022API EDS ONE;ALIMENTATION;RESTAURANTS;-3.860000;918888d7-471a-4c28-bd53-f38753a5b322;5814
2025-10-02;CASH;CARD_TRANSACTION;NYX*LILLEAUTOMATIQUEDIST;ACHATS;CAFE;-0.200000;ac50bf34-3735-41f5-bf87-c9f82e6b5335;5499
2025-10-02;CASH;CARD_TRANSACTION;NYX*LILLEAUTOMATIQUEDIST;ACHATS;CAFE;-0.300000;e0f19b15-7fd4-4d43-ab9c-72ba6effe42b;5499
2025-10-02;CASH;CARD_TRANSACTION;PASS;CHARGES_VARIABLES;TRANSPORTS_COMMUN;-22.500000;d95594be-e0fd-4b75-bcd6-7c92b05dbd87;7991
2025-10-02;TRADING;BUY;Savings plan execution LU1681048804 Amundi Index Solutions - Amundi S&P 500 Swap UCITS ETF EUR Acc, quantity: 0.101723;EPARGNE;INVESTISSEMENTS;-11.54;81a38e88-c0eb-4feb-a303-e8cd1f6637de;
2025-10-02;TRADING;BUY;Savings plan execution LU1681048804 Amundi Index Solutions - Amundi S&P 500 Swap UCITS ETF EUR Acc, quantity: 0.440742;EPARGNE;INVESTISSEMENTS;-50.00;461adc9f-6bd9-4bd8-98e6-3c28124479e9;
2025-10-02;CASH;BENEFITS_SAVEBACK;Your Saveback payment;DIVERS;AJUSTEMENTS_ERREURS;11.540000;d5eb4a4b-ebbf-43d9-b414-e7c46b15714a;
2025-10-04;CASH;CARD_TRANSACTION;GD FRAIS SENTI;ALIMENTATION;COURSES;-16.480000;18e21ce5-bcf4-457d-9353-c24ab99fd477;5411
2025-10-04;CASH;CARD_TRANSACTION;LE VALENCY;ACHATS;TABAC;-11.200000;4eb42ccc-3324-4bbc-b99f-94ce7399bc06;5813
2025-10-06;CASH;CARD_TRANSACTION;MAISON RINC;ACHATS;CADEAUX;-370.000000;2f56da11-5efa-4540-9b0b-09ee395295a8;5699
2025-10-06;CASH;CARD_TRANSACTION;VAL VIANDES;ALIMENTATION;BOUCHERIE;-26.070000;165725b5-4211-42d8-803f-1d7a237e5ff7;763
2025-10-07;CASH;CARD_TRANSACTION;AMAZON EU SARL  2090401;ACHATS;DIVERS;-17.500000;57ea6eef-cdd6-4672-a6a6-400a835967dd;5965
2025-10-07;CASH;CUSTOMER_INBOUND;PERMANENT TRADE REPUBLIC;DIVERS;AJUSTEMENTS_ERREURS;1350.000000;fce9436c-b6f0-4725-a334-dc873ec50be2;
2025-10-08;CASH;CARD_TRANSACTION;APPLE.COM/BILL;CHARGES_FIXES;ABONNEMENTS_FIXES;-22.990000;99f76d8f-a264-4c2d-b579-157d2e2a4cd5;5818
2025-10-08;CASH;CARD_TRANSACTION;NYX*LILLEAUTOMATIQUEDIST;ACHATS;CAFE;-5.000000;50fd94de-ffad-4bcc-9aa6-f2ddfe040a64;5499
2025-10-08;CASH;CARD_TRANSACTION;TOTAL           4379751;CHARGES_VARIABLES;CARBURANT;-23.110000;8fd21fbf-4b82-4998-a27c-1c4aaa36a458;5541
2025-10-10;CASH;CARD_TRANSACTION;DCTR MARGUERITT;SANTE;MEDECIN;-35.000000;d9e01dde-3b1b-4ef3-850d-9dd194e5ea50;8011
2025-10-11;CASH;CARD_TRANSACTION;CHEZ MON VIEUX;ALIMENTATION;RESTAURANTS;-164.700000;08e7c482-b901-4e77-b4a6-6f6cd9079cad;5813
2025-10-11;CASH;CARD_TRANSACTION;EL GANA;ALIMENTATION;RESTAURANTS;-4.900000;b8841c32-56df-411f-bd98-4374fb2f5fa0;5499
2025-10-14;CASH;CARD_TRANSACTION;Association Ruban Rose;DIVERS;DONS;-1.000000;dde8b6b6-b582-44bb-882d-68adf353ef6b;8398
2025-10-14;CASH;CARD_TRANSACTION;COURIR VALENCIENNES;ACHATS;VETEMENTS;-32.000000;e795a65c-1128-40e3-af41-2a094cba2cbb;5661
2025-10-14;CASH;CARD_TRANSACTION;GRAND FRAIS AULNOY;ALIMENTATION;COURSES;-47.200000;5950cc2f-38e5-4cb7-ba39-41e1730a47b0;7399
2025-10-14;CASH;CARD_TRANSACTION;MARIE BLACHERE;ALIMENTATION;COURSES;-5.500000;5edfa9c3-ade3-44ed-a1e2-66d702cbaa47;5462
2025-10-14;CASH;CARD_TRANSACTION;PASS;CHARGES_VARIABLES;TRANSPORTS_COMMUN;-54.000000;9c4aacc3-0794-469b-b84f-a1db08197b29;7991
2025-10-14;CASH;CARD_TRANSACTION;VAL VIANDES;ALIMENTATION;BOUCHERIE;-14.880000;06cb951c-a36b-483a-87e4-1ea4b8d99b57;763
2025-10-15;CASH;CARD_TRANSACTION;APPLE.COM/BILL;CHARGES_FIXES;ABONNEMENTS_FIXES;-2.990000;82868ca3-b923-4fd8-b390-b1b7c635dae6;5818
2025-10-15;CASH;CARD_TRANSACTION;TOTAL           4379751;CHARGES_VARIABLES;CARBURANT;-21.720000;b063898f-131e-44f9-a2a1-16da5d3b45e6;5541
2025-10-19;CASH;CARD_TRANSACTION;AMAZON PAYMENTS 2441535;ACHATS;DIVERS;-192.890000;26ed2c1c-63e3-488c-b6d3-05d78a5deb7d;5965
2025-10-19;CASH;CARD_TRANSACTION;AMAZON PRIME FR 2469664;CHARGES_FIXES;ABONNEMENTS_FIXES;-6.990000;d7a401a3-e273-45a7-9068-85b96b5a76e3;5965
2025-10-19;CASH;CARD_TRANSACTION;LE JUBILE       4357453;ALIMENTATION;RESTAURANTS;-3.100000;614dc7e4-3d72-479f-add3-f8702f201950;5813
2025-10-19;CASH;CARD_TRANSACTION;LE LONGCHAMP;ACHATS;TABAC;-3.100000;83abfa6c-74d4-4b17-871c-e30965d0da75;5813
2025-10-19;CASH;CARD_TRANSACTION;MYTHOS;ALIMENTATION;RESTAURANTS;-25.000000;1a35665f-d3ff-4946-b4d1-ebb3275a1099;5812
2025-10-20;CASH;CARD_TRANSACTION;AMZN Mktp FR*4G6OL1LS5;ACHATS;DIVERS;-5.690000;24bcc680-f644-4eb2-82f9-fc1f1fbc07c0;5999
2025-10-21;CASH;CARD_TRANSACTION;GRAND FRAIS AULNOY;ALIMENTATION;COURSES;-39.910000;a0c41b03-3e6b-48d8-8a73-fe73cd0998ad;7399
2025-10-21;CASH;CARD_TRANSACTION;MARIE BLACHERE;ALIMENTATION;COURSES;-3.700000;d1669696-c5cc-4450-8a26-a90fea3a95e9;5462
2025-10-21;CASH;CARD_TRANSACTION;PHAR BOURGMAYER 4194069;SANTE;PHARMACIE;-95.010000;26f12192-0b3b-4977-a85f-cdfc34e07e87;5912
2025-10-21;CASH;CARD_TRANSACTION;PHARMACIE VALS  2151306;SANTE;AUTRE_MEDECINE;-6.490000;d9d00103-8e7f-4bd3-996a-afa87ad87a3f;5912
2025-10-21;CASH;CARD_TRANSACTION;VAL VIANDES;ALIMENTATION;BOUCHERIE;-24.590000;f2dbd52a-8cc6-46a9-804d-4ab07d999c9c;763
2025-10-22;CASH;CARD_TRANSACTION;AMZN Mktp FR*9Y2JK3YW5;ACHATS;DIVERS;-16.900000;3bd3eb94-4e51-49fc-9bd4-270d9288343a;5999
2025-10-22;CASH;CARD_TRANSACTION;LEROY MERLIN    4986085;MAISON;BRICOLAGE;-13.000000;e2cb508a-0af9-41c0-a4b4-267bfd1a5abb;5231
2025-10-22;CASH;CARD_TRANSACTION;NESPRESSO FRANCE S.A.S.;ACHATS;CAFE;-29.000000;58ece7e0-e1f5-4656-ad87-5b75db1773c3;5499
2025-10-23;CASH;CARD_TRANSACTION;NYX*LILLEAUTOMATIQUEDIST;ACHATS;CAFE;-5.000000;c0a26eae-e718-4a1b-bfec-1d8db0b34037;5499
2025-10-25;CASH;CARD_TRANSACTION;EURL A MOREAU;ALIMENTATION;BOULANGERIE;-1.100000;2af3cdb4-2222-40de-9d1e-fbbe74cf59fc;5462
2025-10-26;CASH;CARD_TRANSACTION;CHOOSE;ACHATS;DIVERS;-49.000000;11935953-7c4e-4650-ab1e-e0708b08b0ab;5817
2025-10-26;CASH;CARD_TRANSACTION;LE CYRANO       4266161;ACHATS;TABAC;-6.200000;14b171e6-9707-41a7-a1a0-c6947a7e1d0b;5813
2025-10-27;CASH;CARD_TRANSACTION;O TERA;ALIMENTATION;COURSES;-44.570000;fb9a64fd-b15f-4ade-b324-6e8e2c186514;5411
2025-10-27;CASH;CARD_TRANSACTION;TCE             4332548;LOISIRS;SPORT;-7.800000;ab3d795f-04c1-4073-96ab-ea8d0146ff6a;7991
2025-10-27;CASH;CARD_TRANSACTION;TCE             4332548;LOISIRS;SPORT;-310.000000;4692840f-02f8-4c5f-a173-ed2cb4396e68;7991
2025-10-28;CASH;CARD_TRANSACTION;RIGOLETTO;ALIMENTATION;RESTAURANTS;-34.000000;1fbcec62-8db8-47e7-8e77-95d6fc6457a7;5812
2025-10-28;CASH;CARD_TRANSACTION;VAL VIANDES;ALIMENTATION;BOUCHERIE;-27.250000;33f7b37e-fc4f-43b2-96a1-079fd782c775;763
2025-10-29;CASH;CARD_TRANSACTION;Amazon.fr*YT81A4MD5;ACHATS;DIVERS;-17.990000;a9400109-f0a4-4bbe-b4e5-66b4cfcde5d8;5999
2025-10-29;CASH;CARD_TRANSACTION;E0022API EDS ONE;ALIMENTATION;RESTAURANTS;-2.940000;e2427c25-589f-454d-b606-fb4e74c5c298;5814
2025-10-29;CASH;CARD_TRANSACTION;PASS;CHARGES_VARIABLES;TRANSPORTS_COMMUN;-26.500000;b81223f7-da90-4cd0-9058-44c64cd78b47;7991
2025-10-29;CASH;CARD_TRANSACTION;PASS;CHARGES_VARIABLES;TRANSPORTS_COMMUN;-6.000000;2612a72c-0a28-4d3f-a436-930d5244122e;7991
2025-10-29;CASH;CARD_TRANSACTION;SAS BONDUWE;ACHATS;DIVERS;-8.500000;ade55a89-f939-4331-93ca-8943a41acbc4;5814
2025-10-29;CASH;CARD_TRANSACTION;TOTAL           4379751;CHARGES_VARIABLES;CARBURANT;-30.190000;e9cf2f3f-55fe-432d-8a19-5d98ff3b0bcf;5541
2025-10-30;CASH;CARD_TRANSACTION;Amazon.fr*DJ14X4L35;ACHATS;DIVERS;-31.380000;5fafc034-3537-4a24-bd18-c9c6dcf30f9f;5999
2025-10-30;CASH;CARD_TRANSACTION;CIVETTE DE LA TOUR;ACHATS;TABAC;-12.400000;9c5fece4-d20f-4a6f-9ab7-d7302c0ae06e;5942
2025-10-30;CASH;CARD_TRANSACTION;NYX*LILLEAUTOMATIQUEDIST;ACHATS;CAFE;-0.300000;960e3ed1-c438-4704-bf71-77d4743076a3;5499
2025-10-30;CASH;CARD_TRANSACTION;NYX*LILLEAUTOMATIQUEDIST;ACHATS;CAFE;-0.200000;f7533ff8-dad7-451c-a1e8-ace8ad5bdae3;5499
2025-10-30;CASH;CARD_TRANSACTION;NYX*LILLEAUTOMATIQUEDIST;ACHATS;CAFE;-0.300000;61a5a352-5476-4f95-ac70-effe93b161aa;5499
2025-10-30;CASH;CARD_TRANSACTION;NYX*LILLEAUTOMATIQUEDIST;ACHATS;CAFE;-0.300000;2e3ca385-a1fb-453c-8faa-dc4d5648dad9;5499
2025-10-30;CASH;CARD_TRANSACTION;NYX*LILLEAUTOMATIQUEDIST;ACHATS;CAFE;-0.300000;85e049c7-5dbf-4efc-95b4-5627d5aec062;5499
2025-10-30;CASH;CARD_TRANSACTION;NYX*LILLEAUTOMATIQUEDIST;ACHATS;CAFE;-0.300000;903e298b-15ba-4b58-b3a5-8e38882744df;5499
2025-10-30;CASH;CARD_TRANSACTION;ZENPARKMailleri 4030783;CHARGES_VARIABLES;STATIONNEMENT_PEAGES;-3.500000;83648486-da84-4912-94ce-dd4210b6cc2b;5072
2025-11-01;CASH;CARD_TRANSACTION;GD FRAIS SENTI;ALIMENTATION;COURSES;-11.280000;d617aa67-eb27-4f19-9a9b-4772fc33a583;5411
2025-11-01;CASH;INTEREST_PAYMENT;Interest payment for payout collection 019a3d23-e937-78a1-b958-08c708ced42a;BANQUE;INTERETS;1.810000;c82d2de9-5f25-4211-90e4-df75548b935c;
2025-11-01;CASH;CARD_TRANSACTION;MARIE BLACHERE;ALIMENTATION;COURSES;-3.800000;5e8e4396-f1ba-4aed-986f-05e35cc6a2e2;5462
2025-11-01;CASH;CARD_TRANSACTION;O TERA;ALIMENTATION;COURSES;-73.980000;ef3d3d08-96e8-40cb-9ce7-07ebc92c6ff6;5411
2025-11-02;CASH;CARD_TRANSACTION;LEROY MERLIN    4986085;MAISON;BRICOLAGE;-52.000000;a3e1737f-cca9-4f13-9163-e525daf03bd3;5231
2025-11-03;CASH;CUSTOMER_INBOUND;PERMANENT TRADE REPUBLIC;DIVERS;AJUSTEMENTS_ERREURS;1350.000000;a932dd22-7cf9-48e7-836a-4421217bcae4;
2025-11-03;TRADING;BUY;Savings plan execution LU1681048804 Amundi Index Solutions - Amundi S&P 500 Swap UCITS ETF EUR Acc, quantity: 0.127361;EPARGNE;INVESTISSEMENTS;-15.00;ec053766-8fc4-4f0d-941e-de481bd9a123;
2025-11-03;TRADING;BUY;Savings plan execution LU1681048804 Amundi Index Solutions - Amundi S&P 500 Swap UCITS ETF EUR Acc, quantity: 0.424700;EPARGNE;INVESTISSEMENTS;-50.00;5e5670cc-8dcb-472d-84b1-32e61b730967;
2025-11-03;CASH;BENEFITS_SAVEBACK;Your Saveback payment;DIVERS;AJUSTEMENTS_ERREURS;15.000000;c0acbd60-37ab-44df-b64a-15c813448e46;
2025-11-05;CASH;CARD_TRANSACTION;CONTIN BOM DIA LISBO;ALIMENTATION;COURSES;-15.940000;d03b2c3a-18d1-4af5-9a90-50715afc1257;5411
2025-11-05;CASH;CARD_TRANSACTION;GARFO - FOOD & BEVERAGE.;ALIMENTATION;RESTAURANTS;-129.800000;9fb279e8-2a46-4465-b6cf-adaa70fba82c;5812
2025-11-05;CASH;CARD_TRANSACTION;RELAY TRIBS     4116230;ACHATS;DIVERS;-6.400000;a2aab5a8-aa2a-43a3-840f-72195028f76c;5942
2025-11-05;CASH;CARD_TRANSACTION;RELAY TRIBS     4116230;ACHATS;DIVERS;-2.400000;d69bef84-6361-4e0e-93eb-020ec40ab763;5942
2025-11-06;CASH;CARD_TRANSACTION;MCDONALDS  CHIADO;ALIMENTATION;RESTAURANTS;-2.600000;d9e0e61b-8e67-43d3-aa5a-152f88ae3464;5812
2025-11-06;CASH;CARD_TRANSACTION;RESTAURANTE FERNANDO;ALIMENTATION;RESTAURANTS;-10.750000;58825856-f726-42c9-8ce4-bd5a9817640f;5812
2025-11-06;CASH;CARD_TRANSACTION;TERRACO EDITORIAL;ACHATS;DIVERS;-65.100000;69714227-390f-4e58-bedf-7c283b447714;5812
2025-11-07;CASH;CARD_TRANSACTION;Metropolitano de Lisboa;CHARGES_VARIABLES;TRANSPORTS_COMMUN;-1.850000;04397a5d-e0d3-461d-b7bb-1c1155c49417;4111
2025-11-07;CASH;CARD_TRANSACTION;SINTRA LRO TVM;CHARGES_VARIABLES;TRANSPORTS_COMMUN;-10.800000;5612a542-85b9-4c2c-9ced-76f4e58d429b;9311
2025-11-07;CASH;CARD_TRANSACTION;SINTRA TERRACE;ALIMENTATION;RESTAURANTS;-59.400000;0761ce04-b8c6-4265-867e-b91ec85824b3;5812
2025-11-08;CASH;CARD_TRANSACTION;CONTINENTE BOM DIA;ACHATS;DIVERS;-2.870000;e26603c4-3bb7-4c5a-ad5d-ec6a0d0d32b9;5411
2025-11-08;CASH;CARD_TRANSACTION;MIGUEL CASTRO-SILVA;ACHATS;DIVERS;-6.800000;f8f0e169-4fec-43ce-a68b-03847cc43c1d;5812
2025-11-08;CASH;CARD_TRANSACTION;SHIFU RAMEN REST;ALIMENTATION;RESTAURANTS;-39.030000;dc595dda-d018-4ecf-a5b2-e6ed73acdeba;5812
2025-11-09;CASH;CARD_TRANSACTION;APPLE.COM/BILL;CHARGES_FIXES;ABONNEMENTS_FIXES;-22.990000;fd1d4bc5-717d-4ce4-a54b-9b119a01fc55;5818
2025-11-09;CASH;CARD_TRANSACTION;BEER EXPERIENCE;ACHATS;DIVERS;-7.400000;78921fd1-727b-440d-beab-99fb075e7ddc;5812
2025-11-09;CASH;CARD_TRANSACTION;BEER EXPERIENCE;ACHATS;DIVERS;-7.200000;1ef3bd25-eeab-4419-aea9-721071d588f7;5812
2025-11-09;CASH;CARD_TRANSACTION;GELATOMANIA NAZARE;ALIMENTATION;RESTAURANTS;-8.800000;d6645398-7cc3-429c-beb7-807f7b28d6c9;5812
2025-11-09;CASH;CARD_TRANSACTION;MA DUQUE LOULE;ACHATS;DIVERS;-12.970000;747a61f8-2012-4bf7-bd74-cf759593392b;5411
2025-11-09;CASH;CARD_TRANSACTION;Metropolitano de Lisboa;CHARGES_VARIABLES;TRANSPORTS_COMMUN;-3.700000;a160efbe-88d7-4c3f-aeae-249f811d9b2d;4111
2025-11-09;CASH;CARD_TRANSACTION;Metropolitano de Lisboa;CHARGES_VARIABLES;TRANSPORTS_COMMUN;-1.850000;3ce44080-597b-4813-80e1-67ad46ccc3f5;4111
2025-11-09;CASH;CARD_TRANSACTION;PASTEIS DE BELEM;ALIMENTATION;COURSES;-7.400000;a1f3194d-efff-486e-b096-cdbe75937473;5499
2025-11-09;CASH;CARD_TRANSACTION;TIME OUT SHOP;LOISIRS;VACANCES_WEEKENDS;-6.800000;dfc70aed-2efb-4168-9cd1-4daeb5e8b583;5812
2025-11-10;CASH;CARD_TRANSACTION;LISBON DUTY FREE T2;LOISIRS;VACANCES_WEEKENDS;-7.000000;e415d068-6754-4164-8cef-4d731e071c52;5947
2025-11-10;CASH;CARD_TRANSACTION;MCDONALDS AEROPORTO;ALIMENTATION;RESTAURANTS;-3.500000;6f725e12-204d-4a18-8cca-0e253bb1bd19;5812
2025-11-11;CASH;CARD_TRANSACTION;ALIM CARREFOUR MARKE;ALIMENTATION;COURSES;-24.500000;7a155e72-7c23-445c-8c44-a4ca88d5af62;5411
2025-11-11;CASH;CARD_TRANSACTION;CARRIS - RUA 1 MAIO,-00;ACHATS;DIVERS;-2.200000;800b6e92-e5d5-4036-8889-a9db6d9d03b7;4111
2025-11-11;CASH;CARD_TRANSACTION;VAL VIANDES;ALIMENTATION;BOUCHERIE;-25.890000;5e6fdd51-592b-42fd-bf51-c20d7410a3f1;763
2025-11-12;CASH;CARD_TRANSACTION;TOTAL           4380175;CHARGES_VARIABLES;CARBURANT;-27.320000;160a2ccc-20cd-40b1-afc2-e75d7b94edc5;5541
2025-11-13;CASH;CARD_TRANSACTION;E0022API EDS ONE;ALIMENTATION;RESTAURANTS;-8.120000;e4b25055-5912-4c46-a077-e5f74a9a5bd6;5814
2025-11-13;CASH;CARD_TRANSACTION;E0022API EDS ONE;ALIMENTATION;RESTAURANTS;-2.590000;f08fb11e-5b5e-4a44-a7d8-08b8cead1010;5814
2025-11-13;CASH;CARD_TRANSACTION;FERME DU SART;ALIMENTATION;COURSES;-18.830000;42e95e8f-b280-4274-afb7-adcf93530982;763
2025-11-13;CASH;CARD_TRANSACTION;MGP*Le Pot Commun;ACHATS;CADEAUX;-10.000000;a550ecb0-cf45-4f5a-bc1d-999e750de5fb;8398
2025-11-13;CASH;CARD_TRANSACTION;MGP*Le Pot Commun;ACHATS;CADEAUX;-20.000000;bda4ccad-ad7c-43da-ab54-aa6586ede545;8398
2025-11-14;CASH;CARD_TRANSACTION;E0022API EDS ONE;ALIMENTATION;RESTAURANTS;-7.210000;58add84c-ce03-446d-8815-241b09bc7326;5814
2025-11-14;CASH;CARD_TRANSACTION;NESPRESSO FRANCE S.A.S.;ACHATS;CAFE;-23.500000;409b605a-b6e1-491d-96b3-639fdaf0c0b9;5499
2025-11-14;CASH;CARD_TRANSACTION;NYX*LILLEAUTOMATIQUEDIST;ACHATS;CAFE;-0.300000;6d59cf51-b8a1-4ac3-952b-997e70a4e212;5499
2025-11-14;CASH;CARD_TRANSACTION;NYX*LILLEAUTOMATIQUEDIST;ACHATS;CAFE;-0.300000;56198fe6-fb39-4163-8918-ba8e990e5cf8;5499
2025-11-14;CASH;CARD_TRANSACTION;TOTAL           4379751;CHARGES_VARIABLES;CARBURANT;-27.600000;694400ee-032d-4c87-a595-7a9538d7d4f7;5541
2025-11-15;CASH;CARD_TRANSACTION;AMAZON PAYMENTS 2441535;ACHATS;DIVERS;-42.540000;aad57480-d105-4bcd-b0ba-7ed7b2a0b8d4;5965
2025-11-15;CASH;CARD_TRANSACTION;APPLE.COM/BILL;CHARGES_FIXES;ABONNEMENTS_FIXES;-2.990000;6f1f04fd-9b69-466f-bc06-9da9a1b3e23b;5818
2025-11-16;CASH;CARD_TRANSACTION;SumUp  *SBCONCEPT;ACHATS;SOIN DE LA PERSONNE;-35.000000;88ee9ad0-ec79-442f-8b0d-f3b685c2821c;7230
2025-11-18;CASH;CARD_TRANSACTION;LE VALENCY;ACHATS;TABAC;-11.200000;551ef330-ada1-44fa-a8e1-7ef3e7d1be6b;5813
2025-11-18;CASH;CARD_TRANSACTION;VAL VIANDES;ALIMENTATION;BOUCHERIE;-16.400000;241cb0c5-c216-4cb1-a2ba-e58a8fdd522a;763
2025-11-19;CASH;CARD_TRANSACTION;AMAZON PRIME FR 2469664;CHARGES_FIXES;ABONNEMENTS_FIXES;-6.990000;855526b6-f19c-46e0-b1c7-0b60a211087c;5965
2025-11-19;CASH;CARD_TRANSACTION;BAR BILTOKI HALLES D;ALIMENTATION;RESTAURANTS;-8.000000;f1f642b3-5392-4fec-84bc-604e25f97c20;5813
2025-11-19;CASH;CARD_TRANSACTION;BAR BILTOKI HALLES D;ALIMENTATION;RESTAURANTS;-4.500000;5133a086-2c9c-40a6-a168-8b7e39c6613c;5813
2025-11-19;CASH;CARD_TRANSACTION;BAR BILTOKI HALLES D;ALIMENTATION;RESTAURANTS;-8.000000;e9e28271-0585-4096-9ff6-9cd2db2c027a;5813
2025-11-19;CASH;CARD_TRANSACTION;NYX*LILLEAUTOMATIQUEDIST;ACHATS;CAFE;-0.300000;781ec7cf-02c0-47a4-9d32-7a635107a565;5499
2025-11-19;CASH;CARD_TRANSACTION;VINI LILLE;ALIMENTATION;RESTAURANTS;-8.000000;655ac9f5-62e6-4428-90f7-64d5bf720675;5813
2025-11-20;CASH;CARD_TRANSACTION;NYX*LILLEAUTOMATIQUEDIST;ACHATS;CAFE;-0.300000;4f88fbca-3a60-4ef0-8f49-602b2683e542;5499
2025-11-20;CASH;CARD_TRANSACTION;ZENPARKMailleri 4030783;CHARGES_VARIABLES;STATIONNEMENT_PEAGES;-6.200000;05256385-4415-41e4-8c71-690fb5a028dc;5072
2025-11-21;CASH;CARD_TRANSACTION;AMAZON EU SARL  2090401;ACHATS;DIVERS;-5.260000;6afce834-a1ce-4ef2-bad0-a97105dc2146;5965
2025-11-21;CASH;VIBAN_TRANSFER_INBOUND;Incoming transfer from M PAUL DENHEZ;DIVERS;AJUSTEMENTS_ERREURS;1150.000000;71ce5630-af38-4815-b6cc-c7c91c244387;
2025-11-22;CASH;CARD_TRANSACTION;NESPRESSO FRANCE S.A.S.;ACHATS;CAFE;-29.000000;36489414-c52f-4cc0-9032-b34d62273456;5499
2025-11-22;CASH;CARD_TRANSACTION;O TERA;ALIMENTATION;COURSES;-57.580000;5dcf49ab-a89c-4380-8d98-b55c2160a64f;5411
2025-11-22;CASH;CARD_TRANSACTION;SP WILDDE;ACHATS;SOIN DE LA PERSONNE;-33.070000;ace739e4-f559-49f3-ba19-f8fa446c0642;5999
2025-11-22;CASH;CARD_TRANSACTION;TOTAL           4380175;CHARGES_VARIABLES;CARBURANT;-25.100000;77e617e6-e16e-45f2-9408-3453c6783657;5541
2025-11-23;CASH;CARD_TRANSACTION;PADEL FOOTBALL C;LOISIRS;SPORT;-7.000000;a618f1b9-5b32-4a7e-a2b6-5b2b096176bc;7991
2025-11-23;CASH;CARD_TRANSACTION;PADEL FOOTBALL CLUB;LOISIRS;SPORT;-54.000000;21c1bfdf-41ae-4172-9af1-b9f570a6206f;7997
2025-11-23;CASH;CARD_TRANSACTION;PHAR BOURGMAYER 4194069;SANTE;PHARMACIE;-37.900000;2525eb99-205c-4ff5-8e10-206f64d7d711;5912
2025-11-25;CASH;CARD_TRANSACTION;NYX*LILLEAUTOMATIQUEDIST;ACHATS;CAFE;-5.000000;4ba7a326-cecf-4236-ae99-da9f2471d6b1;5499
2025-11-25;CASH;CARD_TRANSACTION;SnP*SPEED PIZZA;ALIMENTATION;RESTAURANTS;-27.500000;d14b6d1a-9222-403b-b25f-6460cf1ad945;5814
2025-11-25;CASH;CARD_TRANSACTION;TOTAL           4379751;CHARGES_VARIABLES;CARBURANT;-26.570000;bdd84c18-327d-4f07-b113-98636897436f;5541
2025-11-26;CASH;CARD_TRANSACTION;NYX*LILLEAUTOMATIQUEDIST;ACHATS;CAFE;-0.300000;019abf52-9ae9-7f5b-882f-96f98ae9051c;5499
2025-11-27;CASH;CARD_TRANSACTION;AMZN Mktp FR*ZR4JT3C04;ACHATS;DIVERS;-52.210000;019ac4a5-597c-7b08-bbc5-aac81d743d0e;5999
2025-11-27;CASH;CARD_TRANSACTION;EURL A MOREAU;ALIMENTATION;BOULANGERIE;-3.400000;019ac583-7dd7-7cce-988e-fb69c3333f9a;5462
2025-11-27;CASH;CARD_TRANSACTION;VAL VIANDES;ALIMENTATION;BOUCHERIE;-20.500000;019ac583-8287-7123-97dd-ab7d9ba3d39b;763
2025-11-28;CASH;CARD_TRANSACTION;LE VALENCY;ACHATS;TABAC;-11.200000;019acaa6-513a-7282-a430-feeadf4c2ebb;5813
2025-11-28;CASH;CARD_TRANSACTION;O TERA;ALIMENTATION;COURSES;-53.500000;019ac9d4-32d4-7abf-aad9-e772f742afd9;5411
2025-11-29;CASH;CARD_TRANSACTION;Amazon.fr*ZR6V32DZ4;ACHATS;DIVERS;-5.430000;019acfbb-71bd-7304-8aea-799f9de719a7;5999
2025-11-29;CASH;CARD_TRANSACTION;O TERA;ALIMENTATION;COURSES;-24.760000;019acf2b-676d-70e3-8df6-aa4c46c9517f;5411
2025-11-30;CASH;CARD_TRANSACTION;MYTHOS;ALIMENTATION;RESTAURANTS;-51.000000;019ad3ce-4027-7b88-a0a0-dfd85ee7742e;5812
2025-12-01;CASH;CARD_TRANSACTION;EURL A MOREAU;DIVERS;AJUSTEMENTS_ERREURS;-5.500000;019ad9e1-f0a9-725d-bdb7-2ad4874d55c8;5462
2025-12-01;CASH;BENEFITS_SAVEBACK;Fixed income bonus 5c6f6191-3cc1-42de-8580-2fbcce60cd38 for buy order: 5d5edd80-6786-4fe6-8679-9ac95cddfea1;ALIMENTATION;BOULANGERIE;15.000000;019ad808-cdfb-776f-8400-594e1f2cc7e5;
2025-12-01;CASH;INTEREST_PAYMENT;Interest payment for payout collection 019ad7a8-aa72-7c9b-98b8-b788f23d6cdb;BANQUE;INTERETS;1.790000;019ad7b6-fbab-7d7f-a08b-d00b9bc759c1;
2025-12-02;CASH;CARD_TRANSACTION;Amazon.fr*ZX8OV7EJ4;ACHATS;DIVERS;-139.990000;019ade56-e3d7-7209-95d9-57e0f4e177a7;5999
2025-12-02;CASH;CARD_TRANSACTION;PASS;CHARGES_VARIABLES;TRANSPORTS_COMMUN;-54.000000;019adf62-6b75-79f9-bbd6-de00587246dd;7991
2025-12-02;CASH;CARD_TRANSACTION;RIGOLETTO;ALIMENTATION;RESTAURANTS;-42.000000;019ade15-8d86-720b-b900-51f953fba909;5812
2025-12-02;TRADING;BUY;Savings plan execution LU1681048804 Amundi Index Solutions - Amundi S&P 500 Swap UCITS ETF EUR Acc, quantity: 0.128430;EPARGNE;INVESTISSEMENTS;-15.00;47d7d2b0-368e-4ce3-bb41-34605069a0bc;
2025-12-02;TRADING;BUY;Savings plan execution LU1681048804 Amundi Index Solutions - Amundi S&P 500 Swap UCITS ETF EUR Acc, quantity: 0.428100;EPARGNE;INVESTISSEMENTS;-50.00;531607d8-6541-4bc5-8c28-2da0b8cfdc24;
2025-12-02;CASH;CARD_TRANSACTION;TCE             4332548;LOISIRS;SPORT;-24.950000;019adf64-ad77-7fe9-9c3b-2a4ef6683d84;7991
2025-12-02;CASH;CARD_TRANSACTION;VAL VIANDES;ALIMENTATION;BOUCHERIE;-29.530000;019adf5b-14b9-74c2-ad76-813680d8a607;763
2025-12-03;CASH;CARD_TRANSACTION;Amazon.fr*ZX66Q07B4;ACHATS;DIVERS;-5.290000;019ae3ab-8e53-7819-9be7-1683ad4edc10;5999
2025-12-03;CASH;CARD_TRANSACTION;Amazon.fr*ZX9NA3KU4;ACHATS;DIVERS;-11.250000;019ae39a-6a2a-7efb-9600-5515606bc4f3;5999
2025-12-03;CASH;VIBAN_TRANSFER_INBOUND;Incoming transfer from M PAUL DENHEZ;DIVERS;AJUSTEMENTS_ERREURS;1350.000000;019ae37f-0eca-79e4-a580-7d9cfdae363e;
2025-12-03;CASH;CARD_TRANSACTION;OXYBUL;ACHATS;CADEAUX;-30.890000;019ae351-581f-7ec8-a992-c4d3be971e5e;5641
2025-12-04;CASH;CARD_TRANSACTION;E0022API EDS ONE;ALIMENTATION;RESTAURANTS;-2.540000;019ae98d-b059-7b47-990f-af33f1d9a3bb;5814
2025-12-04;CASH;CARD_TRANSACTION;E0022API EDS ONE;ALIMENTATION;RESTAURANTS;-3.960000;019ae98d-b0a5-7e61-b965-8b65ec1030a6;5814
2025-12-06;CASH;CARD_TRANSACTION;4PADEL Valenciennes;LOISIRS;SPORT;-54.000000;019af2d0-227c-7cbf-a4ab-98bfa6ba413f;7999
2025-12-06;CASH;CARD_TRANSACTION;GD FRAIS SENTI;ALIMENTATION;COURSES;-103.390000;019af336-bff9-7bbe-82b3-ab6133cf3206;5411
2025-12-06;CASH;CARD_TRANSACTION;INTERMARCHE;ALIMENTATION;COURSES;-12.470000;019af3f7-179e-7320-ad93-dc1b5a0bd555;5331
2025-12-06;CASH;CARD_TRANSACTION;MARIE BLACHERE;ALIMENTATION;COURSES;-5.700000;019af33c-660a-743a-9c44-6fa15ed7da7b;5462
2025-12-06;CASH;CARD_TRANSACTION;O TERA;ALIMENTATION;COURSES;-38.630000;019af313-7eb0-71cf-bc12-0781b4136fb2;5411
2025-12-06;CASH;CARD_TRANSACTION;SNC LE BIENVENU 4069410;ACHATS;TABAC;-7.700000;019af399-41a8-7cb3-9401-8ae94481aa68;5812
2025-12-06;CASH;CARD_TRANSACTION;SPEED PIZZA;ALIMENTATION;RESTAURANTS;-36.500000;019af412-81ed-7a3c-8742-c57a1ef68a68;5814
2025-12-06;CASH;CARD_TRANSACTION;VPC;ACHATS;CAFE;-320.000000;019af3ff-2e08-7e12-a8ec-6603c7f03721;5732
2025-12-07;CASH;CARD_TRANSACTION;FERME DU PONT DES;ALIMENTATION;COURSES;-53.230000;019af913-d8f2-7211-988f-f3151e89b1e8;5200
2025-12-07;CASH;CARD_TRANSACTION;VINS GOURMANDS;ACHATS;VIN;-333.000000;019af923-9622-7502-abb7-f4f31360179d;5411
2025-12-08;CASH;CARD_TRANSACTION;APPLE.COM/BILL;CHARGES_FIXES;ABONNEMENTS_FIXES;-22.990000;019afd71-3e6e-79c6-a78c-b2a2b66e2a14;5818
2025-12-09;CASH;CARD_TRANSACTION;GD FRAIS SENTI;ALIMENTATION;COURSES;-56.630000;019b0298-f18c-7745-a3f1-e5a70a9d7d17;5411
2025-12-09;CASH;CARD_TRANSACTION;PASS;CHARGES_VARIABLES;TRANSPORTS_COMMUN;-54.000000;019b0330-467a-767c-b3d4-8d467e736efd;7991
2025-12-09;CASH;CARD_TRANSACTION;VAL VIANDES;ALIMENTATION;BOUCHERIE;-24.880000;019b0334-7d67-78f6-84d5-6fb80b924610;763
2025-12-10;CASH;CARD_TRANSACTION;BAR BILTOKI HALLES D;ALIMENTATION;RESTAURANTS;-29.800000;019b0837-daca-7b62-a7b6-7e13d75b789c;5813
2025-12-10;CASH;CARD_TRANSACTION;CIVETTE DE LA TOUR;ACHATS;TABAC;-14.900000;019b073f-d911-76ab-9d5a-369de06367de;5942
2025-12-10;CASH;CARD_TRANSACTION;M'MA TURINETTI;ALIMENTATION;RESTAURANTS;-25.900000;019b085d-6316-702d-a69a-20883bb3c004;5814
2025-12-10;CASH;CARD_TRANSACTION;ZENPARKMailleri 4030783;CHARGES_VARIABLES;STATIONNEMENT_PEAGES;-3.100000;019b07d8-527d-75c5-b3c5-ce8add278639;5072
2025-12-11;CASH;CARD_TRANSACTION;NYX*LILLEAUTOMATIQUEDIST;ACHATS;CAFE;-0.300000;019b0c83-b979-7dd4-b22b-4a6a859220b1;5499
2025-12-11;CASH;CARD_TRANSACTION;NYX*LILLEAUTOMATIQUEDIST;ACHATS;CAFE;-0.300000;019b0cb3-7f92-7bc8-9880-8dc4461a6c1f;5499
2025-12-12;CASH;CARD_TRANSACTION;CAFES REMY;ACHATS;CAFE;-16.250000;019b12d7-8a53-793b-ad7d-0bc4bd243a09;763
2025-12-12;CASH;CARD_TRANSACTION;DCTR MARGUERITT;SANTE;MEDECIN;-35.000000;019b12d7-77fd-786e-82e3-7ec5490a6a67;8011
2025-12-12;CASH;CARD_TRANSACTION;NYX*LILLEAUTOMATIQUEDIST;ACHATS;CAFE;-0.300000;019b11c4-448a-7e37-b3b2-3d9a588dbb06;5499
2025-12-13;CASH;CARD_TRANSACTION;AMZN Mktp FR*ZE3CQ8CH4;ACHATS;DIVERS;-12.470000;019b16e6-1a84-7701-a4ae-ca85faba8787;5999
2025-12-13;CASH;CARD_TRANSACTION;O TERA;ALIMENTATION;COURSES;-15.850000;019b1719-bff9-7f41-9c9a-89b4c0243e98;5411
2025-12-13;CASH;CARD_TRANSACTION;SUR LE POUCE;ALIMENTATION;RESTAURANTS;-25.700000;019b1804-3329-76ba-a02b-638a4df3d0e5;5812
2025-12-13;CASH;CARD_TRANSACTION;TCE             4332548;LOISIRS;SPORT;-15.500000;019b1827-8db0-7f75-bf83-94704f0e8413;7991
2025-12-13;CASH;CARD_TRANSACTION;TCE             4332548;LOISIRS;SPORT;-33.900000;019b1827-b6b7-7f03-a35a-937d12a39f64;7991
2025-12-14;CASH;CARD_TRANSACTION;Amazon.fr*ZE7QQ0T84;ACHATS;DIVERS;-22.620000;019b1c01-86d6-7c8f-a92b-197e1312eea8;5999
2025-12-14;CASH;CARD_TRANSACTION;EURL A MOREAU;ALIMENTATION;BOULANGERIE;-2.400000;019b1d57-c6f7-7a95-86b7-9551db060125;5462
2025-12-14;CASH;CARD_TRANSACTION;LS LA COUR DE LA CHTI;ALIMENTATION;RESTAURANTS;-28.000000;019b1c58-c4e6-7d4e-aa22-677b56aa5f3e;5812
2025-12-14;CASH;CARD_TRANSACTION;SumUp  *SBCONCEPT;ACHATS;SOIN DE LA PERSONNE;-20.000000;019b1c73-3fbb-7ada-9a5d-a940fb730f4b;7230
2025-12-15;CASH;CARD_TRANSACTION;APPLE.COM/BILL;CHARGES_FIXES;ABONNEMENTS_FIXES;-2.990000;019b210b-2de6-74f2-ab90-a0e680eee7a0;5818
2025-12-16;CASH;CARD_TRANSACTION;VAL VIANDES;ALIMENTATION;BOUCHERIE;-26.200000;019b284f-649d-7979-bade-08c499c1f3c0;763
2025-12-17;CASH;CARD_TRANSACTION;BAR BILTOKI HALLES D;ALIMENTATION;RESTAURANTS;-4.500000;019b2c54-07b3-73ec-8c00-acf5402de8eb;5813
2025-12-17;CASH;CARD_TRANSACTION;BAR BILTOKI HALLES D;ALIMENTATION;RESTAURANTS;-8.000000;019b2c54-0ad8-75e7-98e1-af03df9356c1;5813
2025-12-17;CASH;CARD_TRANSACTION;BAR BILTOKI HALLES D;ALIMENTATION;RESTAURANTS;-8.000000;019b2c54-0c80-7d6b-af16-3bdcf20b129c;5813
2025-12-17;CASH;CARD_TRANSACTION;CIVETTE DE LA TOUR;ACHATS;TABAC;-12.400000;019b2ba4-560b-7d63-97b9-a725668862fa;5942
2025-12-17;CASH;CARD_TRANSACTION;E0022API EDS ONE;ALIMENTATION;RESTAURANTS;-2.640000;019b2c99-089a-7a49-ae74-64edd83edfae;5814
2025-12-17;CASH;CARD_TRANSACTION;NYX*LILLEAUTOMATIQUEDIST;ACHATS;CAFE;-5.000000;019b2ba1-2a0e-7416-9cb5-268fbab3d056;5499
2025-12-17;CASH;CARD_TRANSACTION;TOTAL           4379751;CHARGES_VARIABLES;CARBURANT;-28.780000;019b2c10-3d24-7cfe-9a7c-cfaf3f645b5a;5541
2025-12-18;CASH;CARD_TRANSACTION;ZENPARKMailleri 4030783;CHARGES_VARIABLES;STATIONNEMENT_PEAGES;-3.900000;019b311d-b72b-771f-b2bc-0a7dae8e35d3;5072
2025-12-19;CASH;CARD_TRANSACTION;AMAZON PRIME FR 2469664;CHARGES_FIXES;ABONNEMENTS_FIXES;-6.990000;019b3698-5935-7a46-8e05-ccdc419eb8cf;5965
2025-12-19;CASH;CARD_TRANSACTION;Zettle_*Sahil;ALIMENTATION;RESTAURANTS;-69.700000;019b3707-be13-76f2-beb1-89b806d4ef0d;7011
2025-12-20;CASH;CARD_TRANSACTION;WEB TENNIS  SC;LOISIRS;SPORT;-115.000000;019b3c71-5109-7981-9040-9c6854abdc15;5941
2025-12-21;CASH;CARD_TRANSACTION;ELECTRO DEPOT FRANCE;MAISON;EQUIPEMENT_ELECTROMENAGER;-219.970000;019b4013-0075-7ef1-a23a-119c29842330;5311
2025-12-21;CASH;CARD_TRANSACTION;EURL A MOREAU;ALIMENTATION;BOULANGERIE;-5.450000;019b4167-8356-7a99-ad3f-d63020e38549;5462
2025-12-21;CASH;CARD_TRANSACTION;LEROY MERLIN    4986085;MAISON;BRICOLAGE;-58.000000;019b416f-73e7-7d6d-84f4-8bd3a98247a0;5231
2025-12-21;CASH;CARD_TRANSACTION;MARIE BLACHERE;ALIMENTATION;COURSES;-1.100000;019b4085-9911-7a24-b226-071311db8505;5462
2025-12-23;CASH;TRANSFER_INSTANT_INBOUND;Incoming transfer from Paul Denhez (FR802043302626N269793476611);DIVERS;AJUSTEMENTS_ERREURS;400.000000;019b4d3c-6f01-7231-a414-8e15b9fb1f7e;
2025-12-23;CASH;CARD_TRANSACTION;PICARD SA 335   4998985;ALIMENTATION;COURSES;-15.640000;019b4ae4-ba54-7ac0-9f44-0e81aaeb1e5a;5411
2025-12-23;CASH;CARD_TRANSACTION;TCE             4332548;LOISIRS;SPORT;-7.900000;019b4be2-b147-76d1-922a-ade32f03ec1a;7991
2025-12-23;CASH;CARD_TRANSACTION;VAL VIANDES;ALIMENTATION;BOUCHERIE;-24.190000;019b4bde-adc3-761a-b85d-e1deafc9de16;763
2025-12-24;CASH;CARD_TRANSACTION;BIE DE LA HALLE;ALIMENTATION;BOUCHERIE;-26.620000;019b5112-193f-79c6-b2cc-6eecf10a8bb0;763
2025-12-24;CASH;CARD_TRANSACTION;TOTAL           4379751;CHARGES_VARIABLES;CARBURANT;-22.930000;019b5017-a220-7454-99d1-eaf84a0f87cd;5541
2025-12-25;CASH;CARD_TRANSACTION;PICARD SA 335   4998985;ALIMENTATION;COURSES;-5.980000;019b54f2-f275-785f-bbeb-33265a6a8a78;5411
2025-12-25;CASH;CARD_TRANSACTION;VAL VIANDES;ALIMENTATION;BOUCHERIE;-99.100000;019b5562-dfac-7357-8074-76834165bce3;763
2025-12-27;CASH;CARD_TRANSACTION;AMAZON PAYMENTS 2441535;ACHATS;DIVERS;-195.980000;019b5f1a-2304-7ef7-aaa4-d51774b30377;5965
2025-12-27;CASH;CARD_TRANSACTION;GD FRAIS SENTI;ALIMENTATION;COURSES;-29.900000;019b5f06-c6fd-772b-b4bd-87d0cc174821;5411
2025-12-27;CASH;CARD_TRANSACTION;GD FRAIS SENTI;ALIMENTATION;COURSES;-12.970000;019b5f06-c70e-729a-b970-1cc00e1b89ea;5411
2025-12-27;CASH;CARD_TRANSACTION;LEROY MERLIN    4986085;MAISON;BRICOLAGE;-19.000000;019b5f0c-99f1-72d8-a5c9-240ce2507557;5231
2025-12-27;CASH;CARD_TRANSACTION;SAS BETA;ALIMENTATION;BOULANGERIE;-2.200000;019b5f5e-9ca0-7193-88d0-6c1787bea2d2;5462
2025-12-28;CASH;CARD_TRANSACTION;NYX*VALENCIENNESPLACEDA;ACHATS;DIVERS;-0.500000;019b6438-7107-7119-9c48-5028a1bcb328;5499
2025-12-29;CASH;CARD_TRANSACTION;EL GANA;ALIMENTATION;RESTAURANTS;-5.000000;019b6993-d6c0-7d6a-8c23-761fc67aab5d;5499
2025-12-29;CASH;CARD_TRANSACTION;EL GANA;ALIMENTATION;RESTAURANTS;-6.600000;019b69d1-d356-7bb9-bcc2-fa89bfa74f70;5499
2025-12-29;CASH;CARD_TRANSACTION;SPEED PIZZA;ALIMENTATION;RESTAURANTS;-32.000000;019b69e4-212e-7cd2-b9dc-1b5e69298d29;5814
2025-12-30;CASH;CARD_TRANSACTION;VAL VIANDES;ALIMENTATION;BOUCHERIE;-23.070000;019b6f8a-bf7b-7d0b-8cdb-915afef3b140;763
2025-12-31;CASH;CARD_TRANSACTION;BIE DE LA HALLE;ALIMENTATION;BOUCHERIE;-23.060000;019b74c4-1a49-79fe-a7f1-56d34aa785f8;763
2025-12-31;CASH;CARD_TRANSACTION;DELEBARRE VINS;ACHATS;CADEAUX;-30.000000;019b73e9-f902-7be6-adb1-1a280c50cb36;5411
2025-12-31;CASH;CARD_TRANSACTION;NYX*LILLEAUTOMATIQUEDIST;ACHATS;CAFE;-5.000000;019b7385-9ebc-79ab-b962-dcecf8ffaf78;5499
2025-12-31;CASH;CARD_TRANSACTION;PASS;CHARGES_VARIABLES;TRANSPORTS_COMMUN;-4.000000;019b74c6-edc2-7acf-9e20-d152008a2bbc;7991
2025-12-31;CASH;CARD_TRANSACTION;PASS;CHARGES_VARIABLES;TRANSPORTS_COMMUN;-7.500000;019b74c6-edd1-78cc-b3fd-58f3d509fd11;7991
2026-01-01;CASH;CARD_TRANSACTION;ILEVIA DAT TRAM;BANQUE;INTERETS;-3.800000;019b7967-df8c-7a2d-b05c-e6331ba3b99c;4111
2026-01-01;CASH;INTEREST_PAYMENT;Interest payment for payout collection 019b77ea-82d2-7a66-9563-49553de0f821;CHARGES_VARIABLES;TRANSPORTS_COMMUN;1.410000;019b7a0c-8895-7348-be16-16d36e00da3a;
2026-01-01;CASH;CARD_TRANSACTION;LE COIN DES AMIS;BANQUE;INTERETS;-12.400000;019b7971-48a9-7001-8c2d-76193fc2ee19;5813
2026-01-01;CASH;BENEFITS_SAVEBACK;Saveback cash reward 2ff9907a-5540-4e7b-9295-0a8ac64ba412 for reservation: e6c6309c-e65b-4971-a696-61ea6c47473f;ALIMENTATION;RESTAURANTS;15.000000;019b7773-a75e-7621-840e-71d9ed9d313e;
2026-01-02;TRADING;BUY;Savings plan execution LU1681048804 Amundi Index Solutions - Amundi S&P 500 Swap UCITS ETF EUR Acc, quantity: 0.129433;EPARGNE;INVESTISSEMENTS;-15.00;07215a94-05c6-4bfb-8a5b-d270557bb412;
2026-01-03;CASH;TRANSFER_INSTANT_INBOUND;Incoming transfer from M PAUL DENHEZ (FR7616275500000412664270831);DIVERS;AJUSTEMENTS_ERREURS;200.000000;019b84e8-b053-74be-b679-6ad4a9bd86fe;
2026-01-03;CASH;TRANSFER_INSTANT_INBOUND;Incoming transfer from M PAUL DENHEZ (FR7616275500000412664270831);DIVERS;AJUSTEMENTS_ERREURS;1.000000;019b84e6-f86a-7122-9764-c614578ff81c;
2026-01-03;CASH;CARD_TRANSACTION;PATHE Valencien 4094033;LOISIRS;SORTIES;-8.000000;019b8419-9247-7ceb-9f41-13a14d367699;7832
2026-01-05;CASH;TRANSFER_INSTANT_INBOUND;Incoming transfer from Paul Denhez (FR802043302626N269793476611);DIVERS;AJUSTEMENTS_ERREURS;1350.000000;019b8fa8-bcf8-7663-b6c5-7038de01c45f;
2026-01-05;CASH;CARD_TRANSACTION;TOTAL           4380175;CHARGES_VARIABLES;CARBURANT;-22.110000;019b8d74-1467-784b-af1f-32037a93762e;5541
2026-01-06;CASH;CARD_TRANSACTION;AMAZON PAYMENTS 2441535;ACHATS;DIVERS;-56.990000;019b9312-bc94-7f63-b794-d3ffe0373f0b;5965
2026-01-06;CASH;CARD_TRANSACTION;VAL VIANDES;ALIMENTATION;BOUCHERIE;-3.720000;019b9367-e914-75e3-b5d5-355601ae9b73;763
2026-01-07;CASH;CARD_TRANSACTION;ALIEXPRESS.COM;ACHATS;DIVERS;-0.990000;019b974b-9942-7771-8e20-0a3fe667e3d8;5999
2026-01-07;CASH;CARD_TRANSACTION;aliexpress;CHARGES_FIXES;ABONNEMENTS_FIXES;-5.990000;019b97af-fd69-7aad-af41-fe36168fb0f6;5311
2026-01-07;CASH;CARD_TRANSACTION;PASS;LOISIRS;SORTIES;-36.000000;019b9843-d447-7b32-86d6-953747de2d3c;7991
2026-01-09;CASH;CARD_TRANSACTION;APPLE.COM/BILL;CHARGES_FIXES;ABONNEMENTS_FIXES;-22.990000;019ba1ea-facd-7b11-9213-ee82027ef8cd;5818
2026-01-09;CASH;TRANSFER_INBOUND;Incoming transfer from M PAUL DENHEZ (FR7616275500000412664270831);DIVERS;AJUSTEMENTS_ERREURS;5000.000000;019ba20b-f832-7750-96ff-54be3627fc15;
2026-01-10;CASH;CARD_TRANSACTION;GD FRAIS SENTI;ALIMENTATION;COURSES;-51.490000;019ba764-f544-7b45-8484-0596de84ff93;5411
2026-01-10;CASH;CARD_TRANSACTION;MARIE BLACHERE;ALIMENTATION;BOULANGERIE;-2.600000;019ba781-339e-79d0-a851-ff34d1e203c4;5462
2026-01-10;CASH;CARD_TRANSACTION;TSBV;LOISIRS;SPORT;-7.900000;019ba7fc-288e-73ea-9f3a-0e8ce8bd746b;7991
2026-01-11;CASH;CARD_TRANSACTION;EURL A MOREAU;ALIMENTATION;BOULANGERIE;-15.200000;019bad32-0428-73e1-aac2-fafb83eaa2f1;5462
2026-01-12;TRADING;BUY;Buy trade FR0000121014 LVMH               EO 0,3, quantity: 0.030625;BANQUE;INTERETS;-20.00;03b159b3-8c30-4bdd-ad4b-e0b627e8c1e4;
2026-01-12;CASH;GIFT;Gift lottery order: Transfer from marketing stock perk to recipient cash account for lottery 16f54a22-4f44-4479-98ed-b843c3eaefcc;BANQUE;FRAIS;21.000000;019bb195-e23d-7067-ab19-d311a07b2cdd;
2026-01-13;CASH;CARD_TRANSACTION;VAL VIANDES;ALIMENTATION;BOUCHERIE;-17.030000;019bb75d-cbe7-72d9-aba2-5736c2c04dde;763
2026-01-14;CASH;CARD_TRANSACTION;AMAZON PAYMENTS 2441535;ACHATS;DIVERS;-91.300000;019bbc15-1fae-7de1-b4e2-87bc95fad9e5;5965
2026-01-15;CASH;CARD_TRANSACTION;APPLE.COM/BILL;CHARGES_FIXES;ABONNEMENTS_FIXES;-2.990000;019bc0b2-7bfa-7777-ac89-b3cf62ee5e34;5818
2026-01-15;CASH;CARD_TRANSACTION;NYX*LILLEAUTOMATIQUEDIST;ACHATS;CAFE;-0.300000;019bc0c2-1ca3-788a-99c1-09f46160e5fb;5499
2026-01-15;CASH;CARD_TRANSACTION;TOTAL           4382361;CHARGES_VARIABLES;CARBURANT;-25.000000;019bc133-b5de-72f0-a0dc-e075707b2e23;5541
2026-01-17;CASH;CARD_TRANSACTION;AMAZON EU SARL  2090401;ACHATS;DIVERS;-7.560000;019bcbe0-9940-7a31-affb-0f0b19204eb6;5965
2026-01-17;CASH;CARD_TRANSACTION;GD FRAIS SENTI;ALIMENTATION;COURSES;-29.440000;019bcb81-d9cf-7eb1-b16f-ddfe6ee269f3;5411
2026-01-17;CASH;CARD_TRANSACTION;MARIE BLACHERE;ALIMENTATION;BOULANGERIE;-4.900000;019bcb8f-a3ab-7829-bd47-5905265c14df;5462
2026-01-18;CASH;CARD_TRANSACTION;VINS GOURMANDS;ACHATS;VIN;-72.200000;019bd15f-3394-77ea-b300-155ba0057ece;5411
2026-01-19;CASH;CARD_TRANSACTION;AMAZON PRIME FR 2469664;ACHATS;DIVERS;-6.990000;019bd59b-7d69-7ef7-97c5-0057517b7853;5965
2026-01-19;CASH;CARD_TRANSACTION;FF ATHLETISME;LOISIRS;SPORT;-5.000000;019bd604-5fb0-7b2c-8528-f55a86d4b231;7997
2026-01-19;CASH;CARD_TRANSACTION;SPORT TICKETING 4035015;LOISIRS;SPORT;-10.870000;019bd5a9-4a7a-7563-b62f-faae50f95196;7372
2026-01-20;CASH;CARD_TRANSACTION;UNIQLO EUROPE LTD;ACHATS;VETEMENTS;-14.800000;019bdab8-af32-7efb-a1cb-a4f25bd2c7de;5651
2026-01-20;CASH;CARD_TRANSACTION;VAL VIANDES;ALIMENTATION;BOUCHERIE;-15.670000;019bdb71-4dbe-7131-8d9c-c6d33ca8fec8;763
2026-01-21;CASH;CARD_TRANSACTION;AMAZON EU SARL  2090401;ACHATS;DIVERS;-61.600000;019be03c-d7b8-7921-9e49-876724035e24;5965
2026-01-21;CASH;CARD_TRANSACTION;NYX*LILLEAUTOMATIQUEDIST;ACHATS;CAFE;-5.000000;019bdfcf-8d2c-7b31-8c52-02e8641b01a1;5499
2026-01-22;CASH;CARD_TRANSACTION;TSBV;LOISIRS;SPORT;-7.900000;019be5de-f4c7-7c81-ba2c-987be37e75f7;7991
2026-01-22;CASH;CARD_TRANSACTION;TSBV;LOISIRS;SPORT;-6.500000;019be5de-f50c-7e4a-bcc8-3fb1f2584a5b;7991
2026-01-24;CASH;CARD_TRANSACTION;AMAZON EU SARL  2090401;ACHATS;DIVERS;-23.900000;019befed-7820-768a-aef3-fd260434d135;5965
2026-01-24;CASH;CARD_TRANSACTION;O TERA;ALIMENTATION;COURSES;-61.050000;019bef61-8df3-7fe5-98ae-d6929d4d3f67;5411
2026-01-24;CASH;CARD_TRANSACTION;SumUp  *SBCONCEPT;ACHATS;SOIN DE LA PERSONNE;-25.000000;019bef76-73ca-7453-82f5-29990817af2b;7230
2026-01-25;CASH;CARD_TRANSACTION;EURL A MOREAU;ALIMENTATION;BOULANGERIE;-4.750000;019bf561-81c2-7a91-bd2c-65d6303408b9;5462
2026-01-25;CASH;CARD_TRANSACTION;GD FRAIS SENTI;ALIMENTATION;COURSES;-4.180000;019bf4b7-ee4b-74dd-9df8-e71ada4e727e;5411
2026-01-25;CASH;CARD_TRANSACTION;GD FRAIS SENTI;ALIMENTATION;COURSES;-42.420000;019bf4b7-ee8f-7d4c-bc5d-12a542614770;5411
2026-01-25;CASH;CARD_TRANSACTION;MARIE BLACHERE;ALIMENTATION;COURSES;-2.600000;019bf4b6-909b-7fb5-8482-41a94d099391;5462
2026-01-25;CASH;CARD_TRANSACTION;PHARMACIE DE LA 2030766;SANTE;PHARMACIE;-10.100000;019bf451-9c65-762e-84f8-2aa00923c8fb;5912
2026-01-27;CASH;CARD_TRANSACTION;VAL VIANDES;ALIMENTATION;BOUCHERIE;-17.980000;019bff90-d63f-7deb-bafb-5c25a0e6e504;763
2026-01-29;CASH;CARD_TRANSACTION;BAR BILTOKI HALLES D;ALIMENTATION;RESTAURANTS;-10.000000;019c09b8-0d8e-73da-a128-5dc24066e7cc;5813
2026-01-29;CASH;CARD_TRANSACTION;BAR BILTOKI HALLES D;ALIMENTATION;RESTAURANTS;-8.000000;019c09b8-0d9e-788e-995c-65353e3b0586;5813
2026-01-29;CASH;CARD_TRANSACTION;BAR BILTOKI HALLES D;ALIMENTATION;RESTAURANTS;-4.500000;019c09b8-0dcd-7cc1-9c4d-e2c192441741;5813
2026-01-29;CASH;CARD_TRANSACTION;BAR BILTOKI HALLES D;ALIMENTATION;RESTAURANTS;-8.000000;019c09b8-11a9-70d2-a0c8-2c70f223a5bb;5813
2026-01-29;CASH;CARD_TRANSACTION;CAFE BONHEUR;ALIMENTATION;RESTAURANTS;-8.300000;019c09f9-6715-7e40-b55f-790a58b38e19;5813
2026-01-29;CASH;CARD_TRANSACTION;NYX*LILLEAUTOMATIQUEDIST;ACHATS;CAFE;-0.300000;019c08d5-9b8f-7fe0-bebc-015a4039d183;5499
2026-01-29;CASH;CARD_TRANSACTION;TOTAL           4379751;CHARGES_VARIABLES;CARBURANT;-24.530000;019c095b-5a57-7d7a-8546-a880753ee287;5541
2026-01-29;CASH;CARD_TRANSACTION;ZENPARKMailleri 4030783;CHARGES_VARIABLES;STATIONNEMENT_PEAGES;-5.900000;019c09a6-efe8-7129-98da-c8f60039296e;5072
2026-01-30;CASH;TRANSFER_INSTANT_INBOUND;Incoming transfer from M PAUL DENHEZ (FR7616275500000412664270831);DIVERS;AJUSTEMENTS_ERREURS;838.060000;019c0f4a-2dda-772c-8440-655967c50484;
2026-01-30;CASH;TRANSFER_INSTANT_INBOUND;Incoming transfer from M PAUL DENHEZ (FR7616275500000412664270831);DIVERS;AJUSTEMENTS_ERREURS;392.770000;019c0f4b-04df-75d7-a891-530fca6a9fd8;
2026-01-31;CASH;CARD_TRANSACTION;EURL A MOREAU;ALIMENTATION;BOULANGERIE;-5.550000;019c1473-4875-7150-8f18-976a325bcb04;5462
2026-02-01;CASH;CARD_TRANSACTION;GD FRAIS SENTI;ALIMENTATION;COURSES;-52.040000;019c18c2-96f3-73c1-85a8-82665bcf71ee;5411
2026-02-01;CASH;INTEREST_PAYMENT;Interest payment for payout collection 019c16f5-1dce-761c-9aed-f65f76e415e9;BANQUE;INTERETS;8.050000;019c170b-1994-7168-9e83-21707a68df5a;
2026-02-01;CASH;CARD_TRANSACTION;LEROY MERLIN    4986085;MAISON;BRICOLAGE;-59.370000;019c18d7-9772-74c6-bfc7-7c4e84b025e8;5231
2026-02-02;TRADING;BUY;Savings plan execution LU1681048804 Amundi Index Solutions - Amundi S&P 500 Swap UCITS ETF EUR Acc, quantity: 0.425985;EPARGNE;INVESTISSEMENTS;-50.00;0f2e1698-9296-4be2-9ab5-31a019597a18;
2026-02-02;CASH;CARD_TRANSACTION;VAL VIANDES;ALIMENTATION;BOUCHERIE;-21.020000;019c1e51-3515-77a8-89f4-321b706945a6;763
2026-02-03;CASH;TRANSFER_INBOUND;Incoming transfer from M PAUL DENHEZ (FR7616275500000412664270831);DIVERS;AJUSTEMENTS_ERREURS;2500.000000;019c22cd-b988-7606-a7db-649bcf4f7f3d;
2026-02-03;CASH;CARD_TRANSACTION;RIGOLETTO;ALIMENTATION;RESTAURANTS;-34.000000;019c22bf-bae8-7e0a-adbb-d4abee44d0d0;5812
2026-02-03;CASH;CARD_TRANSACTION;TSBV;LOISIRS;SPORT;-8.500000;019c23ba-d7a3-7ad1-91b9-dac494946927;7991
2026-02-04;CASH;CARD_TRANSACTION;Amazon.fr*695A60NC5;ACHATS;DIVERS;-19.740000;019c2867-3113-755c-bbd7-0e3254411e4e;5999
2026-02-05;CASH;CARD_TRANSACTION;BRICO DEPOT     2903906;MAISON;BRICOLAGE;-72.780000;019c2d01-ccce-72c9-abc3-2a18cc9eb68e;5231
2026-02-05;CASH;CARD_TRANSACTION;BRICO DEPOT     2903906;MAISON;BRICOLAGE;-34.470000;019c2d04-524f-7ade-9608-bb55bf9a588d;5231
2026-02-05;CASH;CARD_TRANSACTION;TOTAL           4379751;CHARGES_VARIABLES;CARBURANT;-26.930000;019c2d5e-ac08-7269-8f89-c2287c3ce7c4;5541
2026-02-06;CASH;TRANSFER_INSTANT_INBOUND;Incoming transfer from M PAUL DENHEZ (FR7616275500000412664270831);DIVERS;AJUSTEMENTS_ERREURS;2500.000000;019c3327-b3b5-77ce-81fd-3d46fc58ec7e;
2026-02-06;CASH;CARD_TRANSACTION;LEROY MERLIN    4986085;MAISON;BRICOLAGE;-70.000000;019c327b-b579-7bbe-b578-ea90617dcc46;5231
2026-02-07;CASH;CARD_TRANSACTION;AMZN Mktp FR*ZH4TV4GS5;ACHATS;DIVERS;-14.180000;019c3775-38fb-75a6-8bf4-615edc592823;5999
2026-02-08;CASH;CARD_TRANSACTION;APPLE.COM/BILL;CHARGES_FIXES;ABONNEMENTS_FIXES;-22.990000;019c3d04-4886-7d89-8c31-32c747ce35bd;5818
2026-02-08;CASH;CARD_TRANSACTION;GRAND FRAIS AULNOY;ALIMENTATION;COURSES;-55.570000;019c3cc6-7828-7a39-9884-b866327d2454;7399
2026-02-08;CASH;CARD_TRANSACTION;TSBV;LOISIRS;SPORT;-7.900000;019c3d8f-a896-78c1-894f-9d3335d02dc3;7991
2026-02-09;CASH;CARD_TRANSACTION;O TERA;ALIMENTATION;COURSES;-66.710000;019c4239-6ee3-7997-a93e-e51c22e9c5c6;5411
2026-02-11;CASH;CARD_TRANSACTION;E0022API EDS ONE;ACHATS;CAFE;-2.330000;019c4ccd-51af-7359-aefd-24789f8b4c06;5814
2026-02-11;CASH;CARD_TRANSACTION;NYX*LILLEAUTOMATIQUEDIST;ACHATS;CAFE;-0.300000;019c4bb5-1da5-7d5f-b8a7-4f8823f028f2;5499
2026-02-11;CASH;CARD_TRANSACTION;NYX*LILLEAUTOMATIQUEDIST;ACHATS;CAFE;-0.300000;019c4bba-fd08-77b0-99f8-0cee39f89bea;5499
2026-02-11;CASH;CARD_TRANSACTION;NYX*LILLEAUTOMATIQUEDIST;ACHATS;CAFE;-0.300000;019c4bd2-9d62-79b9-a71a-75e9559df314;5499
2026-02-12;CASH;CARD_TRANSACTION;NYX*LILLEAUTOMATIQUEDIST;ACHATS;CAFE;-5.000000;019c510c-8785-7195-96d9-6cd297cbb6f8;5499
2026-02-12;CASH;CARD_TRANSACTION;NYX*LILLEAUTOMATIQUEDIST;ACHATS;CAFE;-5.000000;019c510c-923d-79b2-94f9-54ad8bdca07e;5499
2026-02-12;CASH;CARD_TRANSACTION;PASS;LOISIRS;SORTIES;-27.000000;019c5211-7968-74e8-bef2-26928df70b86;7991
2026-02-12;CASH;CARD_TRANSACTION;PASS;LOISIRS;SORTIES;-27.000000;019c5211-7dc1-735a-a126-dd72ef639b73;7991
2026-02-13;CASH;CARD_TRANSACTION;AMZN Mktp FR*UE14R4YR5;ACHATS;DIVERS;-14.990000;019c5659-b591-7c0c-aca9-ff94035d5150;5999
2026-02-14;CASH;CARD_TRANSACTION;SAS JVA;ALIMENTATION;RESTAURANTS;-83.700000;019c5c83-f6fb-7933-973f-de3989d65689;5812
2026-02-15;CASH;CARD_TRANSACTION;APPLE.COM/BILL;CHARGES_FIXES;ABONNEMENTS_FIXES;-2.990000;019c606c-619b-7852-be5e-efb005384746;5818
2026-02-15;CASH;CARD_TRANSACTION;F K F SC;ALIMENTATION;COURSES;-27.500000;019c61c9-a0db-74cb-9e86-b470c2a4b8dc;5411
2026-02-15;CASH;CARD_TRANSACTION;GRAND FRAIS AULNOY;ALIMENTATION;COURSES;-13.130000;019c60e7-22e0-740e-a7fb-b7b26d5cfe0f;7399
2026-02-16;CASH;CARD_TRANSACTION;LE COMPTOIR VOLANT;ALIMENTATION;RESTAURANTS;-36.800000;019c6579-496e-7f3a-906a-1718461f24ee;5814
2026-02-16;CASH;CARD_TRANSACTION;LE JARDIN DES FL;ACHATS;CADEAUX;-26.200000;019c65f6-9e52-71f1-973f-5966ca906373;5992
2026-02-16;CASH;CARD_TRANSACTION;O TERA;ALIMENTATION;COURSES;-37.900000;019c6652-8d86-7a17-b71a-e17550af041c;5411
2026-02-16;TRADING;BUY;Savings plan execution LU1681048804 Amundi Index Solutions - Amundi S&P 500 Swap UCITS ETF EUR Acc, quantity: 0.043076;EPARGNE;INVESTISSEMENTS;-4.94;8a235586-347a-4b79-b95e-39e117ff7c5f;
2026-02-17;CASH;CARD_TRANSACTION;VAL VIANDES;ALIMENTATION;BOUCHERIE;-20.200000;019c6bb5-8bfc-759d-8067-ed7ac44c5cf5;763
2026-02-19;CASH;CARD_TRANSACTION;AMAZON PRIME FR 2469664;CHARGES_FIXES;ABONNEMENTS_FIXES;-6.990000;019c7588-3d8b-746f-8747-f171a549197f;5965
2026-02-19;CASH;CARD_TRANSACTION;AMZN Mktp FR*4V51J02W5;ACHATS;DIVERS;-12.990000;019c7541-3359-78b6-aa81-a455a36e9d4c;5999
2026-02-19;CASH;CARD_TRANSACTION;NYX*LILLEAUTOMATIQUEDIST;ACHATS;CAFE;-0.300000;019c74ed-73ef-7790-b8cf-cb27415b379b;5499
2026-02-19;CASH;CARD_TRANSACTION;NYX*LILLEAUTOMATIQUEDIST;ACHATS;CAFE;-0.200000;019c74f5-b485-7197-a134-9f68dcc37c97;5499
2026-02-19;CASH;CARD_TRANSACTION;TOTAL           4379751;CHARGES_VARIABLES;CARBURANT;-30.030000;019c7573-63ee-7211-b85c-322dde1697e5;5541
2026-02-20;CASH;CARD_TRANSACTION;LE VALENCY;ACHATS;TABAC;-11.300000;019c7b2c-a2fe-7748-ba2a-6c9885b47a81;5813
2026-02-20;CASH;CARD_TRANSACTION;TSBV;LOISIRS;SPORT;-7.900000;019c7b22-967f-7cb1-8bd4-333d06a87489;7991
2026-02-21;CASH;CARD_TRANSACTION;BRICO DEPOT     2903906;MAISON;BRICOLAGE;-37.800000;019c7f86-d5f0-723c-9126-9c4d3ab25b7e;5231
2026-02-21;CASH;CARD_TRANSACTION;PUB ST MARTIN;ALIMENTATION;RESTAURANTS;-32.300000;019c803b-0641-74ee-9a0f-ccb0cd9977a8;5812
2026-02-21;CASH;CARD_TRANSACTION;ZW;ALIMENTATION;RESTAURANTS;-37.010000;019c8011-f5e1-7900-920b-304bfdc19abd;5814
2026-02-22;CASH;CARD_TRANSACTION;AMAZON EU SARL  2090401;ACHATS;DIVERS;-64.990000;019c8505-bbdc-7dd7-a7e7-06afac3e6d8f;5965
2026-02-22;CASH;CARD_TRANSACTION;EURL A MOREAU;ALIMENTATION;BOULANGERIE;-3.400000;019c85a6-ba22-78d8-9fa0-d2d2f2e3ddc6;5462
2026-02-22;CASH;CARD_TRANSACTION;PPG*PHASE NEUTRE;MAISON;BRICOLAGE;-21.560000;019c85ae-7cc8-7edc-b5f9-928ad1113f3c;5732
2026-02-22;CASH;CARD_TRANSACTION;SP WILDDE;ACHATS;SOIN DE LA PERSONNE;-29.550000;019c845e-2f9f-7d90-a0e7-9d5f69067b6a;5999
2026-02-23;TRADING;BUY;Savings plan execution LU1681048804 Amundi Index Solutions - Amundi S&P 500 Swap UCITS ETF EUR Acc, quantity: 0.146655;EPARGNE;INVESTISSEMENTS;-16.96;7f450e76-792a-4619-9bb1-7118e3bd8a59;
2026-02-23;CASH;CARD_TRANSACTION;SumUp  *Circolo Valgua;ACHATS;VIN;-15.000000;019c89e1-2a65-7727-8884-245f5b95cb17;8699
2026-02-24;CASH;CARD_TRANSACTION;VAL VIANDES;ALIMENTATION;BOUCHERIE;-16.170000;019c8fbd-44a4-71b7-9435-252987a50a22;763
2026-02-25;CASH;CARD_TRANSACTION;LE VALENCY;ACHATS;TABAC;-11.200000;019c94df-c7a2-7bb2-89b0-2a9c14432632;5813
2026-02-25;CASH;TRANSFER_INSTANT_OUTBOUND;Outgoing transfer for M PAUL DENHEZ (FR7616275500000412664270831);DIVERS;AJUSTEMENTS_ERREURS;-1.000000;019c9636-83d1-751b-a73b-6e21e61f78d2;
2026-02-26;CASH;CARD_TRANSACTION;Amazon.fr*BC3H680B5;ACHATS;DIVERS;-39.990000;019c9925-8b8f-790a-9c78-b146b33d79aa;5999
2026-02-26;CASH;CARD_TRANSACTION;Amazon.fr*O52KO52R5;ACHATS;DIVERS;-11.900000;019c9925-4687-73ea-abba-8c94ffdacf6d;5999
2026-02-26;CASH;CARD_TRANSACTION;MGP*Le Pot Commun;ACHATS;CADEAUX;-20.000000;019c9912-3345-75ff-8033-a3d6176e27c8;8398
2026-02-26;CASH;CARD_TRANSACTION;NYX*LILLEAUTOMATIQUEDIST;ACHATS;CAFE;-0.300000;019c9948-2d02-769d-8025-7e71967eeb84;5499
2026-02-27;CASH;CARD_TRANSACTION;NYX*LILLEAUTOMATIQUEDIST;ACHATS;CAFE;-0.300000;019c9e48-d619-7bf6-8b98-6cec10e74102;5499
2026-02-28;CASH;CARD_TRANSACTION;CARREFOUR CITY;ALIMENTATION;COURSES;-14.060000;019ca4ab-4b20-730a-a8ed-bb89b3510aba;5331
2026-02-28;CASH;CARD_TRANSACTION;LE VALENCY;ACHATS;TABAC;-11.200000;019ca4b2-ebd9-7fbb-8cae-7a249ed1a923;5813
